index	preds
3	[2764, 5334, 2591, 6111, 9113]
4	[4854, 8726, 7942, 3005, 1687]
11	[355, 5930, 5532, 91, 8096]
15	[9737, 2557, 8055, 4797, 1093]
18	[4138, 7809, 3776, 3340, 504]
20	[9538, 4427, 2556, 6516, 9807]
23	[6736, 7460, 5991, 7377, 9243]
27	[8688, 5238, 7603, 4963, 6852]
43	[1033, 5782, 1030, 8126, 6080]
51	[5535, 4130, 4635, 3954, 2846]
57	[5744, 6902, 1710, 1232, 3890]
65	[8506, 9929, 2690, 4524, 9008]
66	[7710, 6725, 7310, 4437, 4729]
71	[9901, 881, 1906, 7087, 4246]
74	[9014, 1833, 439, 5678, 1823]
75	[4006, 6560, 6756, 2871, 948]
78	[2284, 877, 3905, 5246, 3013]
79	[4900, 4709, 8426, 4111, 7939]
82	[387, 4199, 2620, 3765, 9436]
84	[2621, 6321, 6693, 8560, 1693]
88	[6493, 6747, 1551, 2807, 5048]
90	[2052, 2116, 362, 5787, 7838]
95	[4901, 2319, 9257, 672, 2795]
97	[1771, 2300, 1572, 3199, 751]
99	[983, 2426, 2071, 6028, 3633]
102	[3334, 2842, 4838, 9046, 5404]
105	[1774, 6620, 299, 6556, 4627]
106	[7263, 7458, 395, 156, 367]
107	[1614, 8993, 3367, 9347, 7827]
111	[3013, 877, 9571, 6353, 2318]
114	[3252, 1293, 6595, 1972, 1615]
116	[1350, 4338, 3063, 2370, 8563]
122	[1322, 5809, 2080, 1674, 5460]
124	[9807, 2556, 3510, 876, 4109]
125	[1999, 4271, 742, 8346, 6838]
127	[8621, 9338, 9221, 6350, 7144]
128	[194, 3680, 6309, 7622, 3427]
135	[4927, 4396, 478, 7118, 9415]
137	[5051, 7397, 2144, 4513, 5184]
138	[4614, 8566, 5305, 2829, 7826]
140	[5666, 2422, 1787, 7455, 9912]
142	[3255, 859, 1437, 9817, 56]
146	[6413, 150, 4342, 531, 2331]
149	[2337, 7533, 8540, 5900, 2039]
150	[961, 9719, 6032, 9935, 8512]
151	[4114, 3913, 3585, 1991, 1501]
152	[7631, 3233, 7520, 1144, 9779]
159	[7880, 6992, 5949, 7195, 2998]
163	[4725, 3659, 6535, 5107, 7775]
166	[4497, 807, 9792, 4468, 2513]
169	[4788, 7035, 7988, 4383, 3762]
171	[4888, 1589, 9045, 2625, 5333]
179	[2970, 7047, 6413, 7497, 5489]
183	[6546, 2848, 8029, 6532, 6929]
192	[5721, 8773, 6444, 4216, 7664]
196	[6408, 8655, 8141, 8855, 1444]
198	[2972, 9040, 3072, 3009, 4651]
201	[616, 2914, 1555, 8637, 4270]
206	[5014, 5653, 255, 3718, 9184]
207	[2449, 4221, 3895, 6753, 1181]
215	[8473, 8048, 4004, 4671, 3532]
216	[7461, 7572, 57, 7739, 8561]
221	[9708, 6749, 3692, 3190, 5517]
224	[1551, 523, 9995, 8518, 5185]
235	[4186, 366, 8871, 8710, 7289]
244	[8663, 7708, 4681, 4077, 4399]
248	[4381, 4586, 9813, 427, 3058]
254	[1591, 7543, 5215, 1321, 272]
259	[6352, 8226, 1918, 3294, 4883]
267	[8357, 3216, 2824, 8060, 5226]
279	[7965, 465, 8439, 6710, 5412]
280	[5670, 9105, 262, 4513, 6403]
281	[6850, 3797, 431, 5856, 1579]
285	[260, 7027, 2112, 4273, 6403]
286	[5101, 3601, 7098, 376, 504]
288	[7122, 391, 8949, 5401, 8060]
292	[897, 3109, 35, 7606, 4284]
295	[4991, 7679, 9614, 953, 6181]
302	[4945, 9196, 8791, 5260, 500]
304	[9802, 8022, 4264, 6906, 8565]
306	[7892, 9431, 7480, 5251, 9790]
308	[6581, 8084, 4256, 7165, 5584]
318	[4017, 5595, 8420, 93, 6207]
323	[3355, 5560, 8730, 7617, 7454]
331	[9980, 87, 7217, 8644, 2312]
342	[5107, 7775, 8434, 4852, 3708]
343	[8029, 6943, 1936, 2, 5964]
345	[5331, 2259, 5540, 4643, 6417]
352	[911, 8779, 4708, 7079, 6691]
359	[1488, 5940, 7053, 9286, 2556]
367	[6684, 831, 516, 3062, 8384]
369	[4208, 1979, 7910, 1461, 4324]
371	[5313, 7225, 2049, 4820, 7613]
373	[4677, 3210, 7865, 8910, 5300]
377	[9171, 8539, 9175, 6829, 5873]
383	[7851, 1168, 4491, 5207, 9927]
388	[2952, 256, 1511, 9451, 8423]
395	[9303, 8010, 5832, 8559, 2446]
402	[201, 6331, 857, 7718, 8686]
404	[7105, 5961, 4903, 7547, 7599]
405	[9124, 185, 473, 129, 5404]
411	[6930, 5373, 8752, 4323, 8417]
425	[6367, 1509, 9613, 8755, 2606]
431	[4063, 1538, 1800, 7284, 4095]
434	[4652, 5395, 6389, 6131, 9494]
435	[1575, 219, 5836, 5111, 1334]
437	[6242, 592, 104, 474, 461]
448	[7122, 7284, 2547, 1538, 4835]
462	[4966, 7878, 4721, 1536, 3499]
469	[3583, 3621, 6823, 7526, 430]
470	[7272, 3573, 5502, 4382, 944]
477	[9680, 7958, 8997, 5662, 8476]
480	[3055, 391, 2677, 4018, 497]
488	[842, 642, 8508, 5505, 5584]
495	[8357, 9338, 1219, 4883, 8069]
506	[6521, 6440, 4482, 7483, 690]
511	[6645, 462, 6145, 5315, 2745]
524	[1511, 1672, 2952, 5524, 4227]
535	[20, 4325, 2314, 8222, 1428]
544	[6536, 390, 2923, 9392, 5728]
550	[9290, 1710, 7174, 5540, 9705]
554	[4156, 8498, 3071, 5407, 0]
555	[3053, 7182, 9233, 39, 6259]
556	[2950, 8265, 6322, 3226, 8931]
562	[4006, 6756, 6560, 7896, 301]
572	[8506, 5336, 9929, 2690, 4524]
587	[7806, 6522, 9575, 6384, 937]
589	[1210, 6300, 1932, 3887, 1456]
591	[3622, 5205, 4796, 9292, 3074]
596	[4134, 8959, 613, 3257, 1876]
597	[2284, 2290, 5014, 3008, 1713]
598	[9474, 36, 2736, 742, 2200]
612	[7122, 1538, 4095, 2547, 7284]
622	[7448, 2776, 801, 9954, 3678]
623	[2145, 308, 6324, 863, 4817]
625	[9407, 2599, 8364, 3035, 8910]
628	[5864, 7724, 9584, 7855, 6865]
629	[3279, 3259, 4268, 9338, 3641]
632	[6850, 431, 6538, 356, 3584]
634	[3817, 543, 5411, 5294, 2088]
637	[911, 5036, 6379, 1652, 451]
644	[1528, 5382, 1046, 2046, 3786]
645	[4418, 9379, 7074, 772, 4022]
658	[5170, 7512, 8841, 451, 2529]
660	[6367, 6872, 6516, 2893, 2003]
665	[3364, 1050, 4838, 1602, 6458]
666	[1579, 103, 3797, 4109, 9773]
670	[8501, 1068, 5152, 7234, 2285]
671	[6176, 346, 7660, 2088, 9107]
672	[7799, 9433, 4457, 5100, 6192]
679	[9011, 989, 940, 5505, 9920]
687	[3786, 7190, 8659, 6411, 6728]
688	[3752, 3766, 6850, 3797, 7543]
694	[6235, 9141, 5192, 2151, 9382]
699	[9679, 5645, 7684, 2630, 1598]
701	[7206, 7859, 979, 8431, 4387]
707	[4623, 3219, 6128, 738, 1281]
708	[9577, 2166, 4104, 1845, 9696]
711	[3730, 8261, 8302, 4246, 1265]
713	[3749, 1887, 431, 3668, 6165]
717	[643, 583, 3012, 4989, 2977]
718	[8539, 9171, 6074, 4883, 7082]
721	[3229, 1887, 1384, 8404, 8651]
723	[5313, 8894, 8822, 7668, 8058]
724	[1614, 8993, 812, 8178, 4430]
729	[2028, 3379, 5037, 5997, 7598]
741	[6756, 6560, 7896, 948, 2871]
746	[4749, 5169, 8236, 7205, 6535]
750	[6736, 4338, 389, 1410, 7520]
753	[5244, 5397, 9233, 1410, 3063]
754	[7251, 2548, 9609, 4529, 5457]
759	[7020, 4902, 5215, 6616, 4208]
764	[2972, 1146, 4210, 1093, 3945]
768	[7520, 3233, 6946, 9471, 1020]
778	[4259, 5029, 8350, 5405, 9379]
783	[2347, 7722, 9069, 2439, 628]
792	[4700, 8106, 7675, 4522, 3435]
795	[8404, 4366, 1394, 3903, 3936]
800	[405, 7618, 7834, 4382, 2061]
802	[3585, 9807, 9812, 9320, 4333]
806	[5058, 9431, 7892, 4357, 2802]
818	[5824, 5568, 2308, 9557, 7773]
829	[3727, 2572, 3157, 7530, 5359]
830	[1297, 4858, 1378, 9071, 6996]
838	[4749, 7162, 8685, 3295, 2847]
845	[7891, 9785, 4325, 6283, 9685]
854	[8567, 2481, 2072, 3811, 6757]
860	[6808, 8287, 9570, 5433, 6417]
864	[983, 7096, 1050, 2744, 3364]
871	[9947, 1583, 3246, 7439, 6915]
890	[1799, 7965, 940, 2121, 859]
896	[829, 4239, 9367, 3421, 1484]
899	[5402, 6124, 6494, 8544, 4286]
908	[4906, 2086, 7060, 1108, 621]
913	[7161, 7373, 4430, 4427, 8919]
919	[3708, 1696, 7642, 4852, 6638]
921	[9571, 4942, 1579, 9905, 8682]
923	[6044, 9868, 5400, 7146, 7841]
926	[7983, 5982, 6260, 7006, 3880]
931	[386, 3085, 2394, 9630, 1551]
936	[8267, 9263, 2332, 5382, 5192]
941	[1774, 7671, 1171, 5455, 5979]
943	[471, 9203, 4462, 6469, 3773]
953	[2155, 8679, 6181, 6194, 5678]
963	[9379, 3644, 8294, 7465, 5772]
964	[582, 4420, 6684, 8691, 7550]
971	[4991, 7679, 9614, 953, 4231]
974	[2574, 7573, 3803, 6444, 7604]
981	[2795, 1488, 5251, 9807, 2080]
982	[6274, 4358, 2812, 9299, 6185]
984	[9124, 181, 4213, 9795, 3782]
986	[8069, 570, 7566, 9592, 1646]
997	[6762, 3775, 3495, 4697, 9155]
1005	[7225, 5313, 6141, 5363, 6292]
1006	[7113, 198, 6540, 5109, 8592]
1007	[5074, 5165, 7800, 8053, 949]
1011	[8887, 7232, 7273, 6655, 9593]
1015	[9947, 6039, 5214, 6850, 8826]
1018	[4808, 5543, 3206, 2079, 1421]
1031	[4011, 1424, 1464, 4069, 9080]
1042	[9538, 6516, 876, 5460, 4469]
1045	[965, 7865, 8910, 326, 5192]
1057	[3766, 5017, 709, 8045, 4051]
1063	[8060, 142, 8357, 2824, 3216]
1065	[7639, 4455, 1942, 3248, 1558]
1071	[1887, 5462, 3328, 1865, 6474]
1075	[172, 5454, 5204, 9636, 1651]
1078	[7225, 3936, 8038, 178, 4137]
1085	[9182, 4844, 7046, 7959, 9255]
1090	[3936, 8404, 3229, 1887, 5531]
1091	[4133, 1416, 5115, 5503, 7528]
1099	[8781, 2440, 7136, 2382, 9464]
1103	[3167, 9728, 8264, 560, 9790]
1105	[3402, 6573, 6747, 2807, 5053]
1111	[8549, 3411, 1326, 133, 8661]
1112	[6911, 5680, 3991, 7708, 7609]
1114	[1642, 4384, 9909, 5087, 2772]
1115	[5430, 9494, 198, 4469, 5417]
1118	[5229, 2674, 8818, 3766, 2296]
1119	[4494, 6664, 3608, 4290, 2849]
1121	[1955, 6786, 2098, 2371, 1633]
1127	[4261, 6905, 3963, 7188, 6911]
1133	[732, 5715, 1285, 5502, 3294]
1134	[7416, 9028, 9753, 2257, 7847]
1143	[7352, 9542, 8774, 3451, 2455]
1149	[2415, 7110, 3382, 7955, 1186]
1157	[5404, 5731, 2820, 9340, 4568]
1158	[1032, 6080, 9828, 7526, 57]
1162	[1749, 6052, 9292, 6912, 9143]
1169	[6226, 9840, 1213, 2313, 3077]
1173	[6604, 1974, 8769, 3023, 1892]
1175	[5430, 9520, 1887, 7681, 3229]
1183	[6296, 1651, 8568, 9524, 2530]
1194	[5553, 3585, 3825, 605, 3243]
1201	[4888, 8161, 8989, 5741, 723]
1210	[5584, 4063, 4095, 2626, 1630]
1216	[1887, 3229, 1384, 1900, 4286]
1217	[3333, 7439, 5836, 3677, 4877]
1224	[3013, 877, 9571, 1601, 3115]
1225	[7387, 3587, 6436, 4013, 9882]
1241	[7249, 9848, 936, 6483, 5726]
1242	[4094, 4620, 9941, 2271, 313]
1253	[7024, 3831, 549, 3929, 9179]
1254	[3807, 5357, 5882, 7849, 7339]
1255	[6743, 1725, 9650, 2649, 869]
1256	[4888, 9045, 5333, 2625, 1589]
1262	[5840, 7774, 6733, 205, 7992]
1264	[7827, 6778, 2644, 6434, 9677]
1266	[3936, 1887, 3749, 7173, 6042]
1271	[6604, 8769, 1390, 2515, 5305]
1276	[1323, 8760, 6535, 6254, 4584]
1290	[1501, 251, 6607, 6828, 9795]
1292	[4631, 2234, 9865, 141, 4480]
1298	[8161, 8989, 3128, 4335, 5741]
1305	[8366, 9801, 9080, 4011, 6149]
1307	[4738, 3642, 358, 9169, 1863]
1308	[9192, 5103, 117, 43, 9591]
1311	[9261, 8305, 2317, 4828, 3838]
1312	[1033, 4109, 6069, 6397, 7094]
1317	[125, 4800, 751, 9061, 3889]
1319	[9096, 219, 9916, 6432, 8851]
1328	[7332, 6240, 4211, 2683, 5965]
1329	[1675, 8730, 6331, 3837, 268]
1330	[701, 1323, 6850, 6638, 9773]
1334	[7113, 782, 7846, 8536, 6432]
1338	[7102, 6803, 7554, 2631, 3896]
1350	[8793, 3552, 9242, 5121, 1210]
1352	[3691, 6172, 6715, 4583, 3283]
1357	[53, 8293, 1439, 6404, 4513]
1358	[5856, 431, 9773, 103, 6621]
1364	[1887, 3229, 5572, 1384, 8347]
1376	[4486, 6083, 4923, 5634, 765]
1377	[9647, 5549, 5776, 2469, 9415]
1383	[5864, 3988, 6340, 4740, 7096]
1389	[4013, 6160, 4160, 5279, 2460]
1391	[6850, 431, 5305, 8991, 7574]
1393	[2053, 7460, 5430, 5531, 8822]
1400	[5418, 3065, 7334, 3926, 5020]
1402	[5864, 7206, 9584, 5819, 356]
1406	[9980, 9734, 7217, 1965, 8265]
1410	[9807, 876, 9453, 6275, 2556]
1419	[8069, 1632, 2835, 4616, 6822]
1425	[9494, 8404, 5531, 1003, 3912]
1426	[7354, 4842, 6763, 8934, 8459]
1436	[7085, 9607, 1430, 7650, 3869]
1441	[256, 4325, 1726, 5728, 9451]
1449	[7926, 4802, 7543, 8539, 7312]
1451	[9980, 8199, 7217, 6679, 6122]
1454	[2093, 4068, 1029, 5139, 3097]
1460	[6604, 5288, 45, 4266, 6525]
1464	[6850, 431, 2873, 8827, 6039]
1468	[7206, 7859, 979, 4387, 8431]
1471	[5237, 5262, 7086, 6796, 6031]
1479	[9569, 1469, 6691, 7136, 2512]
1487	[7086, 5237, 5262, 6796, 6064]
1488	[9494, 8404, 198, 4469, 4868]
1502	[8400, 6136, 86, 2717, 813]
1504	[8506, 9929, 2690, 4524, 9008]
1505	[116, 7806, 1564, 902, 8943]
1510	[7539, 9682, 3332, 9240, 2533]
1514	[866, 8060, 2824, 5467, 6585]
1522	[9537, 2931, 7866, 4207, 677]
1528	[4801, 5882, 5217, 9434, 2397]
1530	[2520, 7454, 4938, 1630, 9772]
1537	[1859, 2735, 510, 707, 6416]
1541	[4586, 271, 5277, 5884, 4381]
1543	[1890, 4591, 4746, 320, 8330]
1544	[937, 6816, 4859, 4705, 9039]
1548	[2415, 7110, 3382, 5834, 3533]
1566	[1538, 5647, 3136, 1132, 9095]
1569	[6850, 431, 103, 1677, 9571]
1570	[2339, 2437, 952, 7611, 131]
1571	[7648, 5882, 3402, 4670, 7312]
1580	[1290, 4964, 4705, 802, 5809]
1584	[6000, 4236, 6056, 302, 3703]
1588	[6642, 3010, 4306, 9329, 9344]
1590	[5920, 5454, 1327, 5997, 5572]
1592	[9322, 7784, 9451, 5280, 1541]
1595	[4888, 3906, 7970, 8368, 1525]
1603	[8034, 7839, 89, 4702, 9055]
1608	[6274, 2812, 4358, 1076, 8687]
1613	[5666, 2422, 8934, 3441, 876]
1615	[4094, 9721, 8773, 313, 4783]
1616	[4837, 142, 3050, 9338, 1210]
1617	[3338, 3740, 329, 7087, 9342]
1620	[1855, 957, 3576, 5634, 1138]
1630	[2579, 656, 157, 6556, 3415]
1635	[1539, 3895, 9719, 4637, 33]
1637	[881, 4269, 9730, 7136, 4802]
1638	[1989, 9850, 7303, 1551, 9983]
1640	[6038, 7566, 1357, 4555, 507]
1643	[461, 8703, 6418, 5119, 6158]
1646	[2182, 9224, 4647, 4342, 9928]
1647	[4093, 9087, 8422, 7607, 6274]
1656	[5125, 7949, 4063, 1580, 6632]
1664	[4156, 8498, 1587, 0, 3118]
1681	[7520, 609, 1020, 3233, 6946]
1689	[1746, 6314, 4651, 8902, 6258]
1693	[436, 3929, 6005, 7138, 8068]
1698	[6604, 346, 3205, 3029, 9357]
1705	[2949, 2845, 4625, 4043, 2369]
1707	[3490, 847, 8245, 2859, 4709]
1710	[9004, 1669, 2685, 2832, 6432]
1711	[2605, 7920, 6954, 5218, 149]
1712	[7846, 1821, 6432, 184, 9284]
1714	[8357, 2824, 8730, 6599, 3887]
1724	[9148, 480, 1793, 5894, 51]
1728	[7610, 9165, 9196, 4799, 1877]
1729	[7162, 4252, 3413, 6020, 3673]
1734	[6088, 8265, 2346, 3446, 6002]
1736	[4425, 4066, 5310, 8690, 2042]
1743	[9980, 8199, 6679, 7217, 163]
1747	[5422, 2338, 7115, 2873, 9589]
1748	[5920, 9317, 3625, 3663, 3822]
1755	[4156, 9980, 2385, 8498, 7692]
1757	[7239, 3889, 8245, 8944, 7863]
1764	[1793, 6704, 5288, 3326, 4513]
1772	[4888, 9653, 4996, 7079, 8989]
1781	[4624, 4891, 6799, 5874, 761]
1782	[302, 5037, 6217, 5783, 5008]
1796	[4263, 2372, 6585, 9473, 7738]
1807	[1020, 9494, 7520, 5417, 5430]
1810	[25, 7719, 1589, 351, 2625]
1811	[9944, 7358, 7456, 4644, 9962]
1814	[2153, 6327, 2436, 4153, 3665]
1815	[5179, 9645, 2971, 5386, 6045]
1824	[9827, 6272, 3869, 3695, 1575]
1827	[4450, 1326, 1050, 1794, 5925]
1830	[4170, 4613, 3587, 6855, 5010]
1832	[2800, 9118, 5759, 3245, 6662]
1834	[9182, 5335, 4066, 4936, 4800]
1842	[1219, 5550, 3117, 5870, 7784]
1843	[3298, 369, 7596, 6003, 5284]
1854	[6038, 7566, 5153, 7564, 2296]
1859	[7732, 7903, 7489, 3338, 5396]
1865	[4915, 9785, 3517, 2845, 7494]
1869	[3490, 5153, 6350, 9432, 2178]
1887	[9620, 1972, 6755, 3252, 552]
1889	[8442, 6403, 9349, 5666, 5188]
1891	[441, 3446, 6150, 1911, 6728]
1892	[6066, 8313, 7972, 9033, 6220]
1894	[8682, 431, 3797, 3849, 103]
1897	[6797, 5999, 2082, 6503, 6403]
1899	[9361, 530, 9088, 9677, 3422]
1906	[582, 8936, 497, 6348, 3314]
1909	[701, 9445, 431, 4061, 6850]
1913	[2152, 3707, 3237, 5682, 1458]
1916	[6913, 9346, 7454, 9627, 256]
1919	[3905, 3708, 6039, 431, 3797]
1930	[8069, 1632, 6822, 9592, 1399]
1932	[5698, 8577, 2535, 1280, 5271]
1944	[3945, 4587, 1125, 5697, 7135]
1945	[1309, 5812, 2602, 5585, 8541]
1947	[8093, 797, 2521, 6403, 2196]
1949	[595, 9448, 7084, 498, 3471]
1951	[8903, 4960, 765, 7332, 4121]
1954	[5666, 9609, 1210, 3441, 8714]
1955	[5758, 4942, 7106, 7760, 5755]
1956	[3895, 5915, 6520, 9186, 9719]
1963	[1491, 2181, 5158, 9356, 7125]
1968	[4888, 5245, 3985, 1757, 715]
1969	[1463, 2154, 7137, 5224, 2734]
1972	[1198, 5945, 3253, 8430, 8919]
1978	[3290, 1556, 7494, 650, 6721]
1983	[8069, 1632, 6822, 1399, 2835]
1984	[3758, 7868, 6816, 7672, 2081]
1985	[9407, 1021, 3035, 5523, 4573]
1993	[9944, 1198, 3253, 8919, 7598]
1999	[9901, 1708, 5336, 5339, 5172]
2007	[1710, 3905, 8006, 3983, 6980]
2013	[3199, 2242, 6784, 8173, 5313]
2014	[746, 3658, 5733, 9285, 3013]
2027	[3990, 5744, 4976, 249, 9361]
2046	[3919, 6219, 3066, 814, 4153]
2060	[5188, 5545, 1633, 1213, 6403]
2067	[6989, 7249, 9196, 8590, 4003]
2077	[8244, 9259, 554, 3261, 3860]
2078	[2546, 4912, 5915, 2091, 8031]
2080	[3300, 1330, 2811, 7280, 835]
2088	[4674, 157, 1179, 6055, 7674]
2102	[7936, 1765, 3017, 4897, 8647]
2104	[3407, 2923, 8478, 1658, 1623]
2108	[3364, 1050, 1293, 1924, 2277]
2120	[3621, 3583, 7526, 3946, 3633]
2129	[5617, 5525, 5255, 5538, 1957]
2130	[8656, 9587, 6229, 3805, 5940]
2134	[431, 9773, 6850, 3797, 5856]
2135	[6213, 2505, 9437, 3314, 5215]
2147	[7582, 2202, 9922, 4459, 8050]
2150	[9892, 6143, 5741, 3215, 8601]
2152	[3233, 7161, 7520, 1020, 1547]
2164	[5902, 6164, 9446, 501, 919]
2184	[6682, 4503, 2940, 3249, 8144]
2191	[7612, 5813, 8422, 3903, 9185]
2199	[6223, 5774, 9685, 2112, 1947]
2201	[1565, 3907, 2661, 4413, 1441]
2202	[1118, 8267, 8700, 6764, 8712]
2206	[8884, 6246, 1595, 8547, 7559]
2216	[7706, 926, 2341, 1365, 8608]
2223	[2454, 1370, 3627, 5789, 8286]
2224	[5179, 5386, 1279, 1141, 1193]
2234	[4941, 9204, 2096, 2717, 4635]
2236	[9537, 9689, 909, 3728, 408]
2238	[4199, 8152, 6090, 7909, 4893]
2248	[1771, 817, 8707, 305, 9072]
2251	[7206, 7859, 979, 4387, 8431]
2260	[2314, 4325, 7187, 53, 9698]
2261	[6096, 2430, 5537, 8706, 6145]
2262	[2266, 261, 4334, 3659, 4553]
2263	[2249, 4613, 7892, 4427, 6630]
2266	[4469, 6971, 5417, 7955, 7414]
2267	[4006, 7117, 5553, 5306, 3233]
2270	[2339, 775, 1296, 6929, 1902]
2273	[5320, 6327, 3294, 7739, 1219]
2278	[1980, 7773, 6305, 5503, 9350]
2289	[1989, 9850, 7209, 8676, 2753]
2290	[9614, 953, 9922, 1939, 5876]
2294	[8227, 4379, 2840, 7401, 3264]
2300	[116, 5941, 5994, 4602, 5646]
2311	[7330, 2161, 6334, 859, 1437]
2316	[4987, 466, 4293, 8965, 7289]
2319	[7454, 5185, 1357, 2034, 1726]
2320	[8809, 1906, 5257, 8164, 9134]
2323	[3948, 8131, 284, 9325, 8193]
2326	[1293, 5335, 3364, 1050, 4133]
2328	[9927, 7851, 2057, 4792, 4312]
2331	[5534, 6178, 7988, 4467, 2825]
2335	[1887, 3229, 1384, 8651, 8404]
2339	[4317, 8966, 4750, 4224, 5297]
2342	[3008, 8180, 6703, 1710, 7588]
2350	[1789, 807, 380, 3254, 674]
2353	[879, 8541, 1542, 1359, 9696]
2358	[3338, 7554, 2149, 5010, 6162]
2375	[8794, 9102, 1760, 8388, 1996]
2376	[5590, 938, 371, 2875, 6723]
2379	[7388, 999, 5636, 1823, 8260]
2383	[5285, 4446, 3266, 3748, 2994]
2386	[6250, 3124, 6347, 1719, 447]
2387	[1501, 3585, 2871, 3913, 1991]
2388	[7980, 3350, 7314, 6852, 4654]
2391	[6991, 9004, 9665, 9434, 2159]
2395	[9198, 3970, 5557, 983, 7287]
2400	[9943, 7974, 8039, 1063, 9979]
2404	[3895, 1539, 3384, 2699, 4455]
2405	[746, 3658, 9971, 7310, 9187]
2414	[9141, 2610, 8557, 4568, 7290]
2415	[436, 6027, 6005, 2110, 4567]
2417	[5558, 977, 6588, 5948, 5054]
2433	[7375, 68, 6588, 3376, 279]
2442	[7663, 7566, 2626, 4432, 1357]
2454	[7532, 6246, 8884, 5557, 3284]
2458	[3637, 622, 6990, 1405, 3845]
2459	[3053, 4762, 9603, 7318, 2350]
2467	[1984, 3762, 1996, 6387, 9356]
2477	[9983, 7753, 970, 4344, 8477]
2482	[9126, 3641, 8060, 2835, 4615]
2486	[7865, 8910, 4677, 4562, 3210]
2489	[2454, 1370, 3428, 347, 9274]
2490	[375, 3348, 9137, 6555, 2341]
2492	[3266, 9697, 9918, 4280, 1989]
2493	[1555, 8847, 9800, 4900, 1025]
2500	[991, 255, 3787, 9835, 5107]
2506	[6850, 3797, 431, 3672, 5316]
2512	[5397, 5244, 3128, 2724, 5495]
2513	[7708, 9665, 5415, 5884, 4278]
2524	[8698, 5851, 9102, 2495, 6453]
2526	[53, 940, 3050, 1213, 6402]
2529	[5297, 9126, 8621, 929, 2314]
2530	[8156, 8425, 14, 9776, 5927]
2532	[709, 1072, 3766, 8045, 758]
2533	[7144, 9442, 7605, 6144, 138]
2535	[7710, 7310, 6261, 8686, 9265]
2540	[1186, 4055, 9609, 876, 8927]
2546	[3617, 5221, 8251, 790, 6171]
2547	[836, 40, 8439, 5553, 3825]
2548	[2259, 8246, 4695, 4620, 5700]
2557	[5498, 2625, 1589, 4399, 334]
2558	[4674, 6239, 4035, 5945, 4602]
2562	[8849, 5326, 8764, 2981, 9195]
2571	[7096, 632, 8126, 4117, 1985]
2574	[5864, 9445, 8682, 3697, 4398]
2576	[2355, 2346, 7370, 6776, 801]
2577	[4093, 9087, 8422, 7607, 6174]
2578	[4234, 2161, 7359, 6415, 3930]
2589	[9417, 6581, 3896, 6803, 4856]
2592	[8184, 9027, 3551, 7495, 6565]
2597	[8302, 7295, 9062, 4895, 1382]
2599	[5192, 9232, 3364, 2603, 3096]
2614	[944, 4882, 8955, 3887, 8994]
2617	[3691, 6715, 4335, 1213, 3283]
2622	[7289, 9353, 9417, 9824, 5489]
2623	[8688, 1033, 1595, 9932, 5782]
2629	[3364, 1050, 7586, 3638, 476]
2631	[1575, 2950, 1293, 4775, 1954]
2648	[9620, 3067, 6552, 5884, 9269]
2657	[8818, 9302, 1286, 7105, 4553]
2658	[8206, 7816, 4338, 4039, 2050]
2659	[6850, 3797, 431, 5844, 6039]
2661	[9261, 2317, 8345, 5377, 9872]
2672	[2726, 1210, 2855, 4484, 9698]
2673	[3674, 8701, 5995, 2396, 9329]
2675	[7113, 5109, 2942, 7846, 5809]
2680	[3707, 5758, 2468, 9139, 4942]
2687	[940, 2336, 5882, 9953, 4602]
2688	[3718, 1998, 7775, 7763, 8425]
2690	[6804, 4252, 8654, 3108, 2821]
2696	[9954, 9171, 7082, 7769, 9175]
2697	[9160, 6475, 4443, 5530, 8953]
2711	[7225, 5430, 2427, 5874, 6607]
2713	[7096, 1954, 2236, 2950, 8708]
2714	[7218, 4559, 9461, 521, 3613]
2720	[5786, 5400, 2195, 3435, 9868]
2725	[5964, 9346, 4386, 7117, 191]
2726	[4878, 3108, 817, 8870, 1408]
2751	[9890, 6525, 2135, 2023, 601]
2757	[3749, 4049, 3167, 9520, 5531]
2768	[6850, 431, 5305, 8991, 7574]
2769	[1674, 3797, 3584, 3905, 6850]
2778	[7416, 4429, 378, 7847, 2257]
2779	[4623, 4622, 2847, 5193, 5831]
2781	[1210, 6585, 3216, 2824, 196]
2787	[3196, 117, 5833, 2656, 9094]
2795	[1955, 2098, 7895, 973, 2371]
2799	[7827, 4667, 2644, 6011, 7877]
2804	[3707, 7880, 6642, 5355, 7974]
2808	[2581, 5058, 5251, 9648, 9825]
2811	[2086, 4808, 8613, 1217, 7628]
2814	[7625, 3489, 5726, 2048, 2269]
2815	[7723, 1998, 5653, 9630, 7775]
2817	[7364, 7920, 4315, 8022, 2383]
2819	[3364, 1050, 2742, 1293, 6991]
2825	[4404, 9331, 520, 8321, 8608]
2827	[3516, 5138, 1590, 3983, 8617]
2837	[1322, 5809, 2080, 6367, 1674]
2840	[1954, 2950, 8116, 2182, 9224]
2869	[642, 2349, 8508, 842, 1028]
2873	[8267, 7773, 1123, 3571, 5432]
2876	[1854, 8663, 1683, 7416, 9738]
2877	[5442, 8928, 1043, 1526, 8742]
2878	[9242, 6349, 5178, 8996, 3527]
2884	[9483, 4033, 8255, 8525, 6070]
2885	[431, 1579, 5856, 103, 3797]
2886	[2997, 6923, 8382, 9507, 1066]
2887	[2919, 5071, 1371, 7881, 6690]
2892	[6808, 6417, 6217, 95, 2801]
2894	[1774, 7671, 2677, 6620, 1171]
2897	[8793, 5584, 4835, 1630, 4063]
2902	[3628, 6424, 2757, 9865, 8531]
2905	[5267, 8466, 5884, 8840, 2876]
2918	[7375, 2752, 8258, 6498, 5558]
2931	[2423, 615, 7768, 6948, 4671]
2936	[746, 7303, 17, 4972, 9187]
2943	[1961, 3884, 8110, 9014, 2299]
2944	[9509, 6403, 9185, 940, 6164]
2947	[7266, 3086, 182, 4674, 7336]
2950	[599, 8084, 3766, 1072, 709]
2957	[5316, 3791, 3797, 5721, 6236]
2963	[2170, 5069, 6494, 7088, 9372]
2973	[6911, 157, 261, 2474, 6604]
2979	[3622, 4796, 8275, 5205, 9292]
2988	[4014, 3079, 5288, 5219, 9582]
2995	[1011, 2952, 9187, 5219, 6432]
3001	[6850, 431, 3797, 9773, 1579]
3002	[2355, 6850, 1068, 6039, 431]
3008	[1887, 3229, 1384, 8397, 4286]
3016	[7648, 3402, 9933, 8250, 58]
3029	[4979, 104, 4705, 7459, 7016]
3030	[6604, 8769, 2515, 5305, 6550]
3034	[7848, 4715, 6232, 2793, 123]
3040	[1730, 3307, 4344, 6450, 9172]
3042	[7775, 5107, 3659, 7763, 4852]
3048	[9890, 1142, 6876, 977, 5449]
3058	[9227, 5432, 5824, 6305, 5598]
3065	[541, 6617, 8452, 5331, 2579]
3066	[4017, 2734, 5595, 203, 9125]
3071	[4899, 1814, 7674, 7026, 5957]
3077	[7373, 5417, 6601, 2341, 618]
3078	[2359, 1403, 8988, 5301, 8719]
3083	[4379, 9316, 9037, 7026, 9632]
3092	[9474, 2367, 6812, 7753, 4292]
3093	[3425, 6655, 6447, 6671, 1293]
3099	[497, 6922, 4691, 7400, 3623]
3100	[879, 1542, 1359, 7117, 4104]
3101	[4736, 6304, 7200, 2294, 4530]
3103	[6784, 2071, 5348, 2567, 7559]
3110	[103, 5073, 6206, 6461, 7419]
3116	[8842, 5718, 6238, 8040, 4682]
3126	[5394, 5594, 7636, 2134, 746]
3128	[9518, 2121, 5450, 9980, 4156]
3129	[8501, 864, 2033, 4093, 3074]
3134	[5331, 6530, 3235, 1023, 4857]
3139	[1742, 6394, 7400, 5188, 1495]
3159	[3895, 1539, 5405, 6520, 4259]
3161	[3776, 504, 8478, 3340, 2805]
3162	[9620, 3863, 2257, 2783, 6364]
3163	[8185, 9317, 3875, 5920, 1699]
3167	[5360, 1379, 8698, 538, 2341]
3170	[879, 9696, 1988, 5093, 5553]
3174	[5844, 2621, 9639, 2948, 8714]
3187	[3827, 5901, 6546, 9926, 5953]
3189	[3107, 4611, 5142, 4039, 2042]
3193	[7510, 8972, 4099, 4808, 8947]
3194	[8678, 6925, 317, 3013, 7032]
3196	[5405, 6588, 5558, 2309, 9719]
3197	[3883, 3483, 8377, 5299, 4832]
3201	[4333, 4004, 9609, 876, 3510]
3205	[7610, 7096, 7278, 4267, 9325]
3210	[5749, 8682, 3584, 4166, 6850]
3215	[5095, 5179, 1279, 2332, 8095]
3219	[662, 3169, 6980, 4382, 2175]
3224	[5928, 5633, 9997, 2414, 532]
3249	[9299, 1590, 1810, 4348, 1251]
3251	[1491, 3200, 6094, 2120, 7883]
3256	[6804, 4252, 3108, 9065, 4753]
3258	[6439, 3786, 1310, 3365, 7249]
3259	[6080, 8126, 4553, 4602, 8265]
3260	[1979, 3137, 6840, 214, 6141]
3265	[8550, 6279, 7473, 1460, 4351]
3269	[1776, 6852, 6469, 6617, 6475]
3274	[5422, 4615, 3050, 4325, 2338]
3278	[666, 7345, 9057, 5075, 474]
3280	[8327, 261, 8906, 1404, 6044]
3288	[9310, 806, 6854, 2629, 3863]
3291	[8342, 8598, 2972, 9882, 5752]
3303	[182, 9906, 5925, 6039, 4942]
3310	[5930, 5393, 6663, 7404, 7276]
3314	[3364, 4838, 1050, 1602, 6458]
3316	[8583, 9699, 787, 315, 3421]
3324	[7373, 5358, 4136, 5553, 8949]
3326	[8594, 9967, 6089, 1635, 7468]
3329	[4960, 129, 5872, 4029, 867]
3330	[1963, 8471, 2476, 8171, 5598]
3331	[1357, 4263, 9321, 3294, 6705]
3339	[1639, 8366, 8347, 9801, 4675]
3340	[4362, 3293, 5337, 8612, 5180]
3344	[1789, 1213, 7272, 674, 3254]
3345	[5547, 595, 5748, 4582, 2325]
3346	[4196, 4228, 1467, 1559, 4253]
3348	[383, 656, 9711, 5244, 3477]
3355	[9141, 2151, 2610, 6761, 1046]
3363	[8327, 2863, 4593, 3168, 8886]
3367	[7520, 5188, 2972, 2894, 9247]
3370	[3768, 2984, 2870, 7098, 7094]
3374	[1125, 2710, 8541, 6522, 9874]
3375	[7775, 3718, 5107, 9471, 111]
3378	[1020, 3233, 7520, 6946, 2870]
3385	[1887, 3229, 8404, 1384, 5531]
3389	[9270, 5151, 916, 842, 7616]
3390	[4113, 7459, 6536, 4893, 8351]
3418	[4004, 4333, 6275, 2628, 876]
3426	[7431, 4716, 4530, 543, 6304]
3428	[3135, 419, 9232, 8462, 676]
3430	[7161, 9257, 672, 4742, 6752]
3431	[7416, 378, 274, 2770, 2789]
3442	[7126, 3665, 934, 1158, 4198]
3449	[8311, 785, 6476, 952, 1622]
3453	[3340, 1757, 504, 5415, 3776]
3458	[8054, 2462, 5224, 1500, 8861]
3464	[6693, 4060, 6321, 608, 1693]
3467	[3919, 3250, 4153, 5770, 3641]
3469	[5089, 5047, 5809, 2942, 8423]
3479	[8404, 5430, 2396, 3936, 4648]
3481	[459, 2175, 8807, 2771, 6464]
3486	[3887, 7643, 1219, 83, 5098]
3487	[5547, 4646, 595, 8045, 1523]
3488	[7792, 5758, 5907, 7546, 4483]
3493	[8977, 2520, 1541, 7454, 3462]
3498	[4921, 1219, 3887, 7027, 6800]
3499	[8927, 941, 8179, 8769, 5678]
3501	[7225, 5313, 2049, 2242, 9520]
3502	[5107, 7763, 1998, 9899, 7775]
3504	[1755, 3248, 1558, 5914, 3462]
3506	[1811, 5215, 6348, 9968, 9206]
3519	[5430, 7225, 3936, 4608, 5417]
3523	[3350, 5592, 7980, 758, 6852]
3532	[9890, 5559, 7291, 3657, 7512]
3537	[9627, 6189, 251, 256, 554]
3542	[3674, 2770, 8264, 8701, 9039]
3547	[7489, 2871, 3243, 6756, 6828]
3555	[1980, 4337, 6677, 6761, 6235]
3557	[3364, 1050, 4838, 1602, 6458]
3560	[7109, 5386, 1141, 218, 4414]
3563	[1352, 6149, 6192, 9073, 9273]
3566	[879, 5553, 9696, 2301, 2341]
3568	[72, 795, 9507, 9170, 7060]
3574	[6039, 4382, 3459, 1638, 6980]
3579	[9910, 8239, 6711, 9453, 3241]
3590	[7650, 3583, 3494, 7096, 6869]
3606	[8648, 4520, 5426, 6525, 7203]
3609	[445, 7684, 7155, 7988, 5427]
3614	[8837, 6045, 7932, 9055, 918]
3618	[3252, 6755, 1972, 6884, 4638]
3619	[4478, 9936, 952, 4582, 1937]
3620	[2765, 3695, 9738, 5335, 3869]
3621	[4941, 2771, 9204, 4635, 7241]
3623	[5583, 8885, 9702, 2117, 7958]
3629	[6270, 6693, 6321, 116, 5254]
3631	[8730, 591, 2824, 3259, 8357]
3639	[4749, 245, 202, 3803, 8269]
3640	[5534, 2313, 6231, 8148, 566]
3646	[4752, 9290, 7462, 784, 6753]
3647	[2801, 3136, 5959, 5570, 1100]
3658	[7117, 7373, 1143, 2795, 618]
3661	[609, 6721, 8239, 7908, 5978]
3667	[3921, 147, 9954, 8945, 2499]
3671	[881, 4269, 2643, 9730, 4802]
3674	[7016, 5397, 2724, 4424, 1850]
3676	[3749, 431, 6751, 6480, 4049]
3679	[392, 7569, 2827, 2432, 5918]
3682	[7049, 5779, 3063, 6750, 5399]
3684	[4029, 8203, 1614, 5186, 4401]
3701	[2243, 554, 4539, 796, 1519]
3704	[5657, 4648, 8899, 1029, 6845]
3710	[5283, 1674, 3983, 6865, 7234]
3713	[167, 6699, 520, 3367, 2795]
3716	[1293, 1050, 2950, 4149, 3364]
3730	[3159, 5122, 6332, 8968, 7059]
3731	[5326, 2053, 3063, 8625, 6221]
3733	[2950, 1954, 9657, 2182, 9224]
3742	[1614, 2139, 9640, 8993, 5901]
3745	[2415, 7110, 3382, 5834, 8515]
3750	[984, 9917, 3892, 2501, 4515]
3758	[4738, 5968, 999, 517, 60]
3763	[6493, 7036, 9310, 2011, 1635]
3775	[8319, 701, 9949, 7150, 1790]
3776	[2845, 7388, 7580, 7026, 4379]
3786	[28, 7128, 9546, 1268, 9338]
3787	[6989, 7087, 4003, 1836, 1117]
3793	[5828, 3694, 6850, 5288, 7604]
3797	[1384, 9790, 178, 7681, 9894]
3804	[1210, 22, 390, 4362, 5550]
3809	[717, 9349, 3419, 1589, 3765]
3815	[8311, 785, 1622, 3674, 6476]
3818	[8058, 6822, 7784, 9451, 5053]
3827	[8540, 5173, 1531, 5188, 53]
3830	[8842, 8040, 7587, 5488, 5718]
3833	[6096, 7221, 9692, 6636, 8706]
3839	[4694, 881, 1293, 8278, 9657]
3849	[1510, 2277, 3364, 1050, 645]
3863	[7225, 3107, 2784, 3562, 3253]
3867	[2573, 9208, 764, 1501, 2989]
3869	[6816, 7756, 4859, 7868, 3758]
3870	[8224, 1091, 4694, 2839, 6666]
3873	[4456, 4377, 7618, 7834, 2982]
3879	[7980, 7314, 3350, 9487, 6852]
3885	[3122, 7161, 3233, 4341, 8185]
3886	[853, 7263, 7423, 4511, 5982]
3888	[7113, 5809, 8139, 2832, 2103]
3889	[602, 8226, 7643, 5414, 4603]
3890	[340, 9127, 9799, 5426, 8407]
3892	[5417, 4469, 6971, 5430, 4572]
3893	[6684, 425, 1367, 5336, 4122]
3905	[4521, 5179, 2427, 5386, 6411]
3907	[7936, 6213, 9705, 4269, 200]
3910	[4888, 3444, 8142, 7400, 715]
3911	[1219, 6711, 6924, 9265, 2986]
3920	[241, 519, 86, 833, 4339]
3922	[4045, 8809, 8957, 1671, 3086]
3924	[8102, 4199, 144, 3099, 6711]
3926	[8621, 591, 9338, 9451, 6585]
3928	[3252, 1972, 2856, 1635, 4842]
3929	[2271, 4783, 8614, 9721, 4094]
3930	[3379, 5604, 277, 8317, 9073]
3931	[3834, 9698, 1630, 3294, 3887]
3936	[6118, 9333, 6866, 787, 3208]
3937	[1236, 9596, 6206, 8291, 6339]
3939	[201, 5060, 179, 8091, 9991]
3941	[2251, 8608, 4829, 9874, 2476]
3944	[6450, 2248, 1581, 7533, 4051]
3945	[5965, 6634, 423, 9326, 600]
3947	[1093, 8942, 6044, 5155, 8672]
3948	[3515, 8672, 3710, 3469, 7839]
3954	[4246, 8302, 3649, 8261, 1265]
3957	[1533, 8952, 4342, 7484, 7031]
3962	[112, 4715, 6324, 9641, 1857]
3972	[8707, 1391, 7710, 2986, 9325]
3973	[7979, 7205, 1463, 8871, 8300]
4006	[4705, 3934, 7999, 5186, 5281]
4007	[9929, 4524, 9008, 8506, 2690]
4019	[6535, 5009, 9024, 8649, 1998]
4021	[1404, 6044, 7608, 1652, 5397]
4022	[836, 8439, 2150, 8656, 3825]
4023	[4333, 4004, 9701, 4998, 739]
4026	[3378, 9558, 4538, 4602, 3443]
4027	[3936, 7225, 4608, 6042, 6630]
4029	[9918, 5970, 4666, 3695, 3869]
4038	[2691, 3463, 7853, 6922, 3920]
4043	[3758, 7868, 7756, 6816, 843]
4052	[9749, 8766, 6523, 1510, 2108]
4053	[4862, 7117, 618, 5642, 5236]
4055	[5547, 7091, 8168, 4344, 7250]
4056	[4406, 3279, 1364, 3751, 7027]
4059	[4238, 2113, 1152, 1580, 5086]
4065	[1887, 1384, 3229, 8404, 5539]
4076	[3307, 5021, 3269, 134, 3735]
4078	[834, 2865, 433, 5959, 1100]
4081	[979, 3796, 6980, 9571, 4463]
4085	[35, 1985, 3568, 7939, 6809]
4086	[5508, 5157, 8679, 7940, 4230]
4089	[5462, 1425, 7388, 6661, 1693]
4092	[5284, 3834, 1541, 6950, 8216]
4093	[8947, 665, 4516, 265, 8313]
4097	[103, 1677, 1399, 6749, 6638]
4098	[6791, 2557, 8368, 5647, 4388]
4107	[4018, 6348, 5961, 6545, 70]
4109	[6514, 9138, 1463, 5368, 3701]
4110	[5074, 5165, 7800, 3168, 5639]
4120	[9807, 2556, 2581, 5058, 6992]
4126	[5633, 8708, 5352, 7656, 1724]
4135	[5811, 1580, 3686, 4276, 3736]
4148	[268, 5560, 7454, 256, 495]
4155	[4888, 9045, 5151, 5333, 1589]
4156	[2546, 4735, 4085, 5915, 7309]
4157	[2766, 2135, 400, 1422, 2541]
4160	[6850, 431, 3797, 5305, 7574]
4168	[879, 7732, 8163, 2301, 9346]
4169	[9141, 758, 3431, 1072, 8084]
4173	[2881, 5411, 7851, 4345, 4643]
4174	[2952, 256, 8029, 2243, 7988]
4182	[6164, 8575, 3525, 408, 1213]
4183	[8793, 2786, 2143, 9451, 3552]
4187	[9379, 1134, 2739, 1298, 4685]
4203	[3688, 7016, 7458, 7771, 7218]
4204	[9445, 4057, 3697, 4398, 8682]
4208	[3610, 8811, 4963, 4022, 4918]
4218	[8079, 91, 7087, 2663, 8296]
4219	[877, 3013, 9571, 6353, 4391]
4228	[2602, 7863, 7141, 1635, 413]
4235	[4199, 8798, 454, 4279, 6283]
4238	[1595, 8884, 9080, 4681, 412]
4241	[445, 7684, 6266, 3346, 6370]
4244	[3674, 8701, 3426, 6617, 9636]
4245	[898, 9683, 608, 6445, 8742]
4253	[3328, 7630, 4667, 7938, 2730]
4257	[8099, 5192, 8788, 9903, 3235]
4258	[9210, 7396, 4803, 1984, 6299]
4269	[1350, 1513, 7632, 859, 9650]
4270	[6850, 431, 8006, 3584, 9773]
4273	[2754, 3196, 2757, 9909, 1933]
4275	[7228, 8267, 218, 902, 9141]
4278	[381, 6009, 3539, 8609, 6234]
4281	[5372, 7987, 8087, 7381, 2983]
4287	[7580, 9920, 1425, 1402, 3457]
4291	[666, 3759, 5075, 980, 9057]
4294	[1777, 8215, 2575, 1256, 8532]
4301	[5560, 8423, 5360, 5814, 256]
4303	[2421, 7658, 2846, 4605, 99]
4306	[7571, 5336, 397, 3022, 937]
4307	[9522, 86, 3261, 148, 9806]
4310	[3776, 504, 3689, 1757, 2805]
4315	[3528, 3378, 4213, 205, 7268]
4319	[615, 2679, 1642, 6669, 1863]
4326	[9905, 2690, 6789, 1677, 1674]
4339	[5581, 586, 9847, 5441, 8583]
4341	[3921, 9809, 5027, 316, 5392]
4342	[2059, 2517, 3910, 2742, 8131]
4345	[6604, 1036, 9944, 975, 6536]
4349	[5643, 1634, 557, 8103, 8786]
4350	[1528, 9972, 653, 7290, 326]
4356	[504, 3776, 3689, 3846, 9373]
4361	[953, 1503, 9614, 9100, 2214]
4372	[4951, 398, 1945, 1974, 5949]
4373	[6160, 5884, 2460, 6447, 8171]
4380	[8545, 5839, 6297, 8238, 2508]
4382	[1559, 1467, 5052, 7116, 8778]
4385	[2249, 8930, 1309, 9157, 9847]
4393	[431, 6850, 1677, 3701, 8006]
4397	[8701, 3674, 4886, 675, 5121]
4418	[7933, 2150, 9795, 5675, 6164]
4419	[3342, 5025, 3371, 5351, 5274]
4421	[1516, 2956, 4942, 261, 2889]
4422	[75, 7349, 8763, 8198, 2559]
4429	[9807, 2556, 4427, 2080, 3510]
4437	[5107, 8144, 8425, 3708, 4852]
4439	[9200, 3409, 7179, 7938, 9663]
4447	[3895, 5405, 4934, 1539, 2309]
4448	[3097, 5081, 1556, 8406, 5181]
4451	[3407, 2923, 1729, 4821, 4803]
4452	[261, 1404, 3903, 9885, 4109]
4457	[6604, 8769, 4827, 2515, 1410]
4458	[5931, 7857, 8476, 8315, 1663]
4470	[9289, 513, 3776, 4888, 7054]
4472	[2546, 5915, 4912, 2091, 3814]
4474	[2952, 2708, 2200, 2768, 4224]
4475	[364, 1633, 2795, 8723, 1886]
4476	[8701, 3674, 1887, 5015, 9584]
4483	[9668, 1242, 1342, 5685, 3670]
4489	[3622, 5205, 6505, 1655, 9274]
4490	[7580, 2845, 9427, 7388, 5462]
4497	[2372, 874, 1348, 6922, 6372]
4498	[6462, 7556, 9425, 9201, 3694]
4510	[3587, 7387, 6436, 1625, 7752]
4511	[5397, 5244, 4424, 7016, 9740]
4518	[6327, 857, 1820, 7739, 7854]
4519	[4567, 8128, 9179, 920, 9496]
4529	[4909, 191, 5442, 2666, 2211]
4544	[74, 4035, 868, 309, 8103]
4548	[1774, 5455, 1171, 4931, 7338]
4549	[6949, 4799, 9165, 9196, 2491]
4564	[3364, 1050, 4838, 2277, 6877]
4574	[3364, 1050, 5202, 2277, 645]
4578	[9434, 482, 6956, 2685, 1826]
4580	[4309, 3337, 4554, 6387, 1396]
4583	[1399, 2835, 1632, 3641, 4616]
4586	[3957, 6990, 755, 3249, 5389]
4594	[436, 455, 8068, 8693, 2861]
4600	[9118, 8912, 5940, 821, 4427]
4603	[7161, 301, 9471, 5430, 6607]
4611	[6850, 431, 1873, 5856, 1579]
4612	[666, 7926, 2082, 4602, 7100]
4614	[8163, 7126, 9337, 3656, 7451]
4620	[2555, 414, 8411, 2972, 296]
4630	[2005, 5317, 4279, 3165, 3949]
4659	[1639, 2858, 99, 4009, 6089]
4665	[5159, 2779, 6313, 1349, 1791]
4669	[7387, 6436, 7752, 6808, 8533]
4670	[4951, 8258, 7113, 5470, 2203]
4673	[6192, 1899, 2251, 4169, 5822]
4674	[5188, 6584, 1213, 7342, 7016]
4675	[2919, 5071, 7881, 1371, 6690]
4677	[4777, 960, 4743, 3759, 9107]
4695	[6155, 4901, 1116, 5742, 1333]
4700	[1999, 4008, 5808, 9474, 1746]
4702	[7064, 5400, 5359, 6239, 3597]
4704	[4365, 9456, 2242, 1572, 2437]
4719	[5214, 3627, 4602, 260, 5698]
4721	[2336, 9543, 1541, 3951, 3039]
4728	[9829, 6930, 5477, 2926, 7520]
4733	[4125, 3349, 7096, 5384, 632]
4735	[5301, 430, 6823, 1595, 7664]
4747	[6054, 4949, 2920, 6333, 9885]
4750	[5397, 47, 9323, 1122, 4674]
4753	[8404, 6528, 7786, 2341, 2374]
4756	[615, 5200, 706, 8144, 2652]
4759	[9037, 7892, 9431, 5898, 494]
4775	[826, 3957, 4156, 9957, 159]
4781	[4716, 3567, 4230, 3674, 3902]
4805	[6902, 3890, 8214, 3983, 6781]
4809	[2793, 8436, 5667, 2271, 3898]
4810	[5478, 9809, 51, 7106, 2923]
4812	[6799, 5734, 8777, 3570, 3960]
4821	[3972, 3502, 4682, 6008, 922]
4836	[2080, 6367, 1980, 6288, 1322]
4845	[1727, 2262, 6022, 5935, 9351]
4846	[5016, 746, 1645, 6401, 8016]
4847	[3887, 5098, 2764, 8239, 9819]
4848	[4156, 8498, 3071, 3957, 5407]
4849	[2573, 8280, 8583, 9556, 7373]
4857	[826, 5295, 4857, 3235, 8628]
4861	[6970, 7521, 820, 3687, 8121]
4868	[7894, 2856, 7586, 9277, 1293]
4876	[609, 8507, 6522, 1624, 8919]
4882	[431, 6850, 3905, 877, 3584]
4885	[5666, 715, 7101, 876, 4441]
4886	[6054, 2920, 7293, 5902, 4949]
4891	[1980, 5454, 9350, 9557, 2861]
4901	[1980, 6305, 6852, 9972, 4337]
4909	[4245, 9620, 3067, 6552, 9269]
4912	[1076, 6185, 2215, 5100, 6274]
4921	[6877, 3364, 2277, 1050, 653]
4924	[9164, 3113, 6424, 5225, 3303]
4925	[6581, 4856, 5008, 7681, 5471]
4936	[4292, 1273, 9725, 4942, 9065]
4943	[430, 3633, 7990, 6823, 6122]
4946	[8682, 6039, 1579, 6703, 3584]
4949	[8081, 6691, 5223, 9115, 144]
4950	[6301, 6462, 505, 9641, 4672]
4953	[3013, 877, 9571, 6353, 3115]
4957	[782, 7846, 1401, 8536, 9187]
4958	[7751, 5780, 4479, 9343, 7567]
4992	[4406, 6688, 1364, 3751, 6349]
4997	[3997, 2089, 1202, 9449, 5377]
4998	[467, 5326, 8561, 7623, 175]
5002	[5179, 8364, 9263, 2308, 5624]
5008	[1632, 9338, 3641, 8069, 6711]
5011	[7225, 2049, 9478, 5313, 1813]
5014	[1580, 5899, 3599, 4427, 7146]
5019	[3061, 4953, 5252, 9613, 1971]
5023	[4006, 6560, 6233, 9129, 1103]
5026	[6942, 4008, 2736, 2733, 2367]
5029	[2170, 5069, 3964, 8676, 6494]
5031	[5516, 9773, 6980, 662, 103]
5038	[1602, 4911, 278, 3673, 8496]
5047	[1020, 4418, 4022, 5336, 772]
5060	[4411, 3258, 4171, 2726, 7923]
5061	[8069, 1632, 4616, 3641, 2835]
5064	[6756, 2948, 4006, 2143, 1103]
5066	[9001, 4124, 3368, 701, 4669]
5071	[5076, 9332, 4836, 2355, 6747]
5086	[9338, 9698, 1219, 4883, 1210]
5096	[5397, 5244, 7771, 6582, 7016]
5097	[3362, 8458, 6694, 6562, 9801]
5102	[7216, 9627, 3005, 4432, 9126]
5104	[2687, 5139, 177, 2708, 3495]
5106	[1887, 3229, 8038, 4395, 7910]
5108	[6408, 72, 6827, 3343, 4808]
5114	[6850, 431, 8006, 3449, 1710]
5115	[2481, 3741, 2072, 1795, 3811]
5121	[5501, 3905, 877, 3013, 8827]
5131	[9517, 754, 6352, 5848, 1726]
5133	[1880, 4671, 6055, 5157, 7045]
5135	[8092, 7882, 3072, 4312, 8082]
5142	[7009, 8820, 1811, 3746, 5587]
5148	[789, 3069, 7520, 8608, 1040]
5157	[1726, 9880, 9517, 6352, 4883]
5174	[3395, 9837, 0, 3480, 7554]
5175	[5444, 6710, 16, 7656, 1824]
5183	[3205, 7195, 9964, 5887, 9909]
5193	[4279, 3165, 8120, 8500, 2238]
5194	[7217, 1149, 3732, 8663, 207]
5198	[3054, 1579, 4391, 1810, 6039]
5203	[4251, 2174, 7464, 7182, 8515]
5217	[4694, 3471, 159, 6046, 6959]
5228	[1491, 5401, 2608, 2330, 6945]
5234	[1980, 6677, 3059, 5503, 7773]
5235	[6850, 5856, 9773, 1579, 431]
5237	[3895, 7835, 6394, 4092, 6520]
5251	[60, 6611, 5052, 450, 7233]
5257	[7126, 7643, 3665, 6448, 857]
5264	[9231, 8793, 7610, 5348, 1858]
5265	[210, 674, 685, 7530, 9545]
5267	[879, 1359, 7117, 1542, 9696]
5269	[3895, 428, 6866, 5630, 2327]
5271	[6522, 8227, 8622, 9575, 2393]
5277	[70, 5920, 709, 4810, 2669]
5283	[9782, 1579, 1222, 7594, 7105]
5286	[3776, 504, 3689, 3846, 1289]
5294	[6756, 2871, 6560, 7896, 691]
5303	[1518, 9747, 9868, 2376, 6259]
5306	[330, 6327, 1364, 427, 6456]
5307	[4261, 609, 6642, 5162, 3986]
5312	[1626, 3431, 3766, 8082, 8093]
5313	[1034, 4824, 5797, 9900, 2510]
5319	[6094, 112, 1309, 8344, 4915]
5321	[5758, 9745, 7814, 121, 2298]
5329	[3485, 5076, 1056, 4903, 9961]
5331	[4069, 5662, 6718, 9035, 6769]
5336	[6870, 4051, 3322, 1530, 1721]
5350	[9588, 1637, 5557, 9333, 8126]
5352	[1118, 9249, 8700, 6187, 1750]
5353	[9741, 6469, 6731, 7557, 1776]
5354	[9436, 8439, 6604, 9097, 7001]
5356	[6570, 7565, 5878, 4311, 2713]
5365	[6850, 1483, 8682, 5749, 3797]
5371	[3231, 5638, 290, 7720, 9033]
5380	[1733, 562, 6921, 7188, 4674]
5382	[6275, 9812, 1143, 9453, 8927]
5390	[7442, 1615, 5177, 1023, 6651]
5391	[3420, 260, 5677, 5188, 4602]
5392	[9657, 3179, 8916, 333, 1944]
5398	[3945, 7135, 5697, 4587, 1125]
5413	[2540, 26, 7567, 7877, 375]
5414	[2240, 4280, 3590, 607, 1547]
5415	[1010, 5903, 9446, 9133, 2081]
5423	[3262, 6096, 6405, 9505, 8976]
5436	[674, 7530, 685, 3519, 4663]
5445	[9747, 4553, 1207, 2893, 937]
5446	[3490, 5153, 9432, 4543, 6350]
5450	[826, 5295, 5512, 2423, 9866]
5452	[8452, 157, 232, 2951, 7223]
5460	[7210, 7454, 3495, 3752, 7284]
5464	[7228, 218, 1155, 1200, 1717]
5469	[8291, 9026, 8601, 5822, 764]
5471	[3089, 5336, 5375, 9805, 636]
5476	[4406, 7784, 5336, 1364, 7027]
5486	[5758, 4942, 5428, 7106, 3524]
5493	[4966, 7878, 8188, 4951, 7511]
5496	[4120, 1472, 112, 4553, 415]
5500	[9922, 2755, 697, 6403, 3048]
5505	[8362, 7193, 8163, 3615, 3320]
5517	[1033, 6080, 8126, 9588, 6988]
5520	[3150, 2742, 4080, 1670, 9396]
5522	[8442, 8513, 9651, 9443, 8958]
5527	[2449, 911, 451, 1652, 7814]
5528	[3253, 1334, 1401, 219, 8058]
5533	[6226, 2313, 3077, 652, 4879]
5535	[5940, 7087, 8540, 5233, 1968]
5544	[8403, 4230, 9004, 40, 9968]
5546	[5547, 595, 7752, 5944, 2325]
5548	[5657, 6265, 5073, 730, 5767]
5549	[2784, 7648, 1334, 7844, 5223]
5551	[7122, 1686, 391, 8949, 1458]
5556	[2801, 1494, 2399, 4461, 1973]
5557	[2982, 1469, 9751, 2156, 4461]
5558	[8276, 473, 4338, 7028, 9918]
5574	[1887, 3229, 3936, 5575, 4609]
5577	[6444, 7373, 252, 7604, 6263]
5578	[2097, 1635, 1996, 7494, 5884]
5581	[3229, 3460, 1488, 9471, 5058]
5583	[6346, 8990, 6690, 2919, 3484]
5587	[1955, 2098, 973, 3124, 5328]
5588	[3921, 7251, 5270, 8096, 5666]
5590	[8510, 3381, 3633, 6088, 7990]
5605	[2982, 5854, 4645, 7785, 348]
5611	[3963, 3028, 5193, 5829, 6210]
5617	[1980, 4337, 7765, 6852, 6235]
5618	[5652, 8739, 4068, 2236, 5481]
5621	[2305, 9868, 395, 3435, 7913]
5624	[7209, 3054, 9571, 9039, 6039]
5628	[4162, 7413, 4741, 9398, 9338]
5630	[6269, 563, 1945, 3278, 6788]
5641	[6808, 6196, 4975, 5461, 1664]
5643	[6594, 1604, 321, 6985, 7376]
5647	[5449, 8029, 7769, 3615, 6632]
5659	[3364, 1050, 1293, 2742, 6991]
5665	[1871, 1219, 4870, 7739, 6800]
5669	[2347, 3062, 5215, 6592, 6569]
5681	[8163, 3066, 1508, 5770, 6806]
5687	[554, 20, 8244, 312, 2992]
5694	[4094, 2271, 313, 9721, 9489]
5695	[9039, 579, 4671, 3559, 6173]
5696	[1463, 2154, 7137, 303, 2734]
5699	[5553, 836, 1207, 40, 5467]
5700	[8092, 1494, 3119, 6373, 4678]
5703	[4991, 6181, 2675, 3459, 1633]
5709	[4094, 4783, 9721, 2271, 313]
5714	[5240, 10, 1291, 412, 9812]
5715	[261, 9400, 1277, 780, 5925]
5719	[6408, 72, 795, 5057, 1919]
5721	[3190, 458, 9973, 4074, 5477]
5725	[1554, 3869, 3695, 1082, 1182]
5729	[931, 4799, 4772, 2753, 8810]
5733	[1979, 873, 2288, 269, 1285]
5734	[5110, 7608, 7255, 7403, 8780]
5740	[8163, 5770, 3382, 3134, 8686]
5749	[1853, 4469, 6496, 6163, 3007]
5757	[6499, 3913, 7368, 3330, 316]
5767	[5760, 5856, 431, 6850, 3797]
5769	[5089, 1094, 5121, 712, 134]
5777	[2232, 488, 8388, 9363, 8829]
5780	[6070, 1902, 1296, 8283, 7863]
5783	[3957, 6807, 4289, 452, 1239]
5785	[261, 3903, 6206, 4109, 9885]
5786	[7206, 979, 7859, 8431, 4387]
5787	[9976, 809, 3656, 6130, 5569]
5791	[5905, 3519, 9436, 7035, 9221]
5802	[2765, 3381, 7592, 3633, 7990]
5808	[8283, 1296, 6598, 1392, 1650]
5811	[5934, 7461, 2485, 634, 6345]
5814	[6302, 6375, 9384, 4211, 1886]
5816	[6850, 1677, 3701, 431, 103]
5817	[7117, 8021, 6401, 1143, 1542]
5823	[6122, 6118, 3633, 7990, 3583]
5830	[4348, 2097, 5202, 4416, 1358]
5833	[7225, 3936, 6751, 4609, 3749]
5838	[8874, 3775, 8726, 6531, 5214]
5841	[9183, 3570, 1784, 5836, 7050]
5843	[5837, 9675, 2131, 1108, 8127]
5845	[980, 7792, 7546, 5022, 3689]
5848	[3169, 5704, 4193, 3308, 8391]
5849	[6778, 144, 7890, 3775, 9155]
5852	[4346, 5191, 7839, 3030, 8679]
5853	[3307, 5021, 8927, 1459, 7790]
5857	[2949, 673, 409, 6295, 5441]
5866	[2484, 1668, 1034, 3412, 8975]
5867	[6496, 2725, 1309, 99, 1476]
5869	[4986, 5965, 4280, 9590, 6767]
5879	[445, 7483, 157, 6650, 4459]
5880	[340, 7632, 3278, 1087, 8261]
5885	[255, 2029, 3787, 5107, 5653]
5890	[4567, 8128, 2683, 6375, 6851]
5891	[51, 1651, 6266, 5050, 7486]
5894	[1033, 9588, 4269, 6080, 8126]
5897	[879, 1359, 65, 1542, 4299]
5903	[157, 6604, 609, 5462, 1939]
5904	[715, 8240, 5416, 5073, 3215]
5908	[8801, 9678, 3673, 7986, 9598]
5909	[4401, 7988, 1116, 8159, 2112]
5914	[5179, 5386, 1193, 1279, 8364]
5916	[9987, 6331, 598, 3919, 5617]
5928	[3854, 4487, 9231, 4820, 2141]
5933	[4681, 7708, 8207, 4399, 8663]
5934	[3252, 6755, 7650, 7983, 2118]
5937	[7194, 1609, 7811, 7155, 1531]
5938	[6486, 2039, 982, 2644, 4212]
5940	[6850, 431, 3797, 6538, 1579]
5947	[9398, 7179, 9999, 3799, 2287]
5949	[5403, 1724, 2478, 4582, 3179]
5954	[808, 2495, 7533, 764, 6173]
5956	[9305, 229, 8293, 8540, 4833]
5962	[1676, 6373, 2109, 2535, 6468]
5964	[6823, 6573, 3381, 3811, 3633]
5978	[6850, 3797, 1579, 1323, 431]
5980	[5673, 1185, 4541, 6760, 1722]
5984	[9890, 3315, 9504, 140, 1523]
5985	[1239, 9584, 8550, 4717, 9183]
5987	[3948, 5566, 1293, 2485, 2566]
5988	[732, 5715, 3786, 9525, 8515]
5992	[9770, 261, 1404, 6828, 6642]
6000	[1463, 7137, 4269, 9689, 8667]
6002	[4528, 671, 8075, 8571, 6124]
6005	[1213, 7087, 3974, 6199, 5339]
6006	[6850, 9773, 1579, 7914, 1873]
6008	[6581, 186, 8337, 4856, 9417]
6009	[8227, 8766, 1876, 853, 3062]
6030	[3537, 1408, 8970, 4244, 3423]
6033	[3395, 9837, 4465, 5407, 7505]
6034	[4469, 5417, 6971, 5430, 9494]
6037	[1155, 5598, 7971, 8171, 8471]
6064	[1949, 5800, 172, 9795, 7157]
6067	[4357, 3987, 758, 7133, 5912]
6078	[8311, 785, 1622, 8264, 6574]
6084	[7016, 8601, 8014, 6193, 1245]
6086	[7566, 2626, 256, 3550, 4432]
6087	[1515, 9233, 3952, 7112, 7764]
6089	[328, 764, 933, 2145, 1196]
6093	[6958, 5422, 4263, 3259, 2338]
6099	[8885, 3179, 2117, 1115, 5226]
6101	[423, 600, 1236, 7269, 5965]
6102	[1373, 1165, 6335, 2201, 5073]
6103	[7080, 7617, 2124, 8216, 7949]
6114	[7289, 1751, 2433, 7162, 2584]
6121	[8161, 3215, 7841, 8478, 4888]
6130	[3674, 8701, 5995, 2396, 3007]
6134	[5179, 8364, 6411, 102, 9263]
6135	[4758, 7289, 3526, 7014, 3062]
6138	[8163, 7383, 4153, 929, 8686]
6139	[2467, 5394, 1650, 1424, 5695]
6153	[1980, 6852, 4337, 6305, 7290]
6156	[244, 1618, 3890, 1959, 991]
6161	[2826, 3766, 4810, 9941, 9826]
6169	[7132, 2317, 1411, 2341, 9185]
6175	[3425, 4429, 3468, 5746, 9350]
6191	[9934, 2461, 51, 4812, 5356]
6192	[8999, 1425, 3457, 6176, 3742]
6194	[1774, 7671, 7081, 1011, 2952]
6203	[1044, 6835, 5652, 9923, 3880]
6209	[7161, 2795, 2157, 2197, 9257]
6217	[1980, 4337, 2151, 7765, 9972]
6220	[3668, 1893, 8360, 3800, 3458]
6227	[3674, 8701, 5498, 9270, 9349]
6236	[6777, 9473, 2383, 4741, 7719]
6239	[1647, 5699, 5052, 1559, 2764]
6246	[1259, 1919, 2894, 712, 5454]
6250	[1855, 2023, 5729, 4015, 3225]
6252	[1118, 8700, 1155, 9249, 1750]
6262	[9956, 177, 4063, 1800, 9451]
6269	[2256, 2229, 579, 5657, 6383]
6279	[984, 9647, 5319, 2706, 529]
6280	[7161, 3233, 9244, 1213, 2737]
6282	[4911, 644, 733, 1455, 7590]
6286	[3490, 1372, 409, 5678, 5188]
6289	[2871, 7955, 6756, 5553, 7414]
6290	[74, 6027, 868, 2664, 4379]
6291	[9657, 1760, 1082, 1996, 2163]
6298	[9947, 7085, 9607, 3513, 1109]
6301	[4030, 7908, 3871, 8323, 9715]
6315	[9237, 4405, 5824, 2346, 7773]
6316	[9807, 9490, 5848, 1423, 4272]
6328	[8225, 8905, 5171, 5070, 2266]
6329	[517, 5354, 8637, 4684, 3697]
6334	[5758, 4942, 7106, 3845, 9318]
6337	[1787, 9869, 6538, 5191, 8844]
6347	[3059, 4018, 8818, 2296, 9732]
6374	[8707, 1456, 3429, 1116, 1615]
6375	[2744, 6631, 4871, 1995, 6964]
6377	[1856, 9143, 1558, 447, 2681]
6381	[5683, 5442, 9997, 2414, 6372]
6382	[682, 6125, 1001, 9066, 7866]
6391	[7129, 7853, 4158, 7964, 6707]
6397	[4534, 8721, 6965, 4923, 72]
6403	[8803, 988, 3286, 8179, 4980]
6408	[1979, 6840, 214, 7581, 6141]
6412	[4531, 9888, 4461, 807, 5793]
6418	[5013, 1293, 6221, 6884, 7018]
6430	[4006, 6756, 1794, 7336, 3330]
6432	[9361, 2905, 1666, 7936, 6374]
6438	[9203, 5928, 4362, 5943, 4979]
6442	[1425, 31, 6872, 8887, 3457]
6450	[3552, 8966, 8793, 448, 5940]
6456	[4009, 8091, 2935, 6089, 6327]
6461	[2791, 1545, 2733, 2709, 6942]
6463	[4808, 8613, 7160, 9461, 2086]
6465	[5559, 1056, 9961, 8641, 2287]
6473	[3082, 4752, 8375, 1152, 44]
6476	[398, 4048, 8308, 7016, 3627]
6479	[3950, 18, 4085, 9535, 2557]
6480	[4156, 8498, 5407, 3071, 826]
6482	[201, 9517, 1364, 5414, 4436]
6484	[3683, 6881, 3035, 1481, 2973]
6500	[5547, 595, 7091, 4584, 5748]
6502	[8493, 5364, 70, 9058, 5546]
6506	[1963, 3468, 2738, 9157, 3802]
6508	[6078, 8292, 3198, 232, 4280]
6512	[4788, 5666, 5940, 9417, 7988]
6515	[5125, 3013, 877, 712, 2318]
6526	[6389, 9248, 1090, 8407, 9115]
6531	[9471, 5670, 301, 6992, 9349]
6535	[6931, 9070, 4807, 8345, 8478]
6546	[3364, 1050, 1293, 6991, 5812]
6553	[5183, 6545, 3143, 9238, 1292]
6556	[808, 764, 2495, 7533, 5677]
6558	[6200, 7417, 1919, 889, 171]
6565	[5824, 7980, 226, 6126, 1190]
6567	[5666, 9609, 876, 5498, 6275]
6569	[5652, 7578, 2417, 9117, 3282]
6574	[879, 2856, 1359, 7117, 7141]
6581	[616, 9029, 4335, 6689, 7022]
6582	[6630, 198, 2274, 7681, 9494]
6584	[5734, 3960, 3983, 6688, 3584]
6589	[2950, 1954, 9008, 8116, 9277]
6590	[7329, 2412, 3713, 9629, 7625]
6591	[9310, 3863, 207, 2629, 7141]
6593	[4710, 1426, 9965, 3337, 7895]
6596	[7708, 4681, 4077, 8663, 8207]
6598	[1493, 9290, 4651, 4739, 7174]
6599	[3575, 7416, 7973, 5441, 3348]
6600	[2595, 4281, 20, 9612, 5770]
6601	[5418, 5020, 125, 1219, 6422]
6603	[1293, 1050, 3364, 5335, 2566]
6607	[2443, 9807, 1488, 3913, 5684]
6610	[2716, 1626, 9434, 8659, 8427]
6619	[1293, 1050, 5335, 4775, 8012]
6628	[5666, 8868, 3440, 9014, 876]
6629	[7169, 5623, 6768, 125, 8619]
6643	[2808, 6072, 1018, 4500, 9613]
6667	[7903, 4327, 9707, 3499, 4688]
6671	[4125, 496, 9153, 8184, 6822]
6674	[1755, 3884, 3248, 9014, 380]
6675	[250, 717, 8770, 9097, 3478]
6678	[7113, 782, 7846, 1927, 8536]
6682	[7128, 8788, 9265, 5924, 565]
6687	[3128, 9446, 764, 3903, 1673]
6698	[2281, 4103, 5247, 529, 262]
6699	[9770, 7459, 2369, 3821, 4144]
6712	[616, 6689, 2643, 2608, 1844]
6716	[9004, 6221, 7864, 9588, 8126]
6719	[3061, 7433, 4061, 3297, 3517]
6726	[1664, 7379, 5642, 6531, 7105]
6727	[7225, 7906, 5629, 5874, 1321]
6728	[2300, 751, 1586, 8809, 9757]
6731	[3347, 598, 5449, 1936, 8665]
6735	[1887, 3936, 3229, 5531, 1003]
6739	[6878, 6552, 4066, 9464, 7032]
6740	[6850, 431, 8006, 9773, 1710]
6742	[9947, 9551, 6603, 7735, 4363]
6743	[5179, 7042, 1279, 1628, 2652]
6746	[1071, 2621, 4448, 4339, 863]
6747	[2341, 3926, 2581, 8583, 7099]
6751	[2448, 7167, 4593, 2863, 5157]
6756	[8244, 554, 3261, 8035, 2966]
6761	[6691, 8058, 4430, 8636, 256]
6763	[5666, 7941, 133, 6777, 5329]
6766	[6274, 4358, 2812, 7976, 8687]
6770	[9290, 2228, 7770, 9907, 2816]
6778	[5837, 9675, 2131, 9731, 8127]
6786	[4202, 9642, 4442, 4027, 2278]
6787	[5479, 4133, 8712, 2866, 2293]
6796	[2803, 3072, 7143, 9235, 7479]
6798	[9474, 36, 2736, 4599, 4008]
6801	[22, 5930, 2119, 7276, 7783]
6811	[5786, 5400, 2195, 3435, 1403]
6812	[357, 7846, 8536, 6432, 1507]
6815	[2403, 1041, 4174, 588, 9269]
6817	[6255, 369, 7029, 5369, 3112]
6820	[2984, 7864, 2827, 4153, 7784]
6821	[1169, 1806, 8135, 2193, 4396]
6822	[8688, 1033, 9932, 545, 6947]
6829	[7885, 5125, 2808, 3070, 7976]
6834	[6784, 6422, 2071, 8027, 5705]
6835	[6499, 7336, 1589, 2625, 3913]
6836	[3866, 5812, 2602, 4452, 1309]
6839	[6234, 3668, 9157, 1310, 3059]
6848	[8163, 5770, 3382, 6806, 3134]
6860	[8442, 8977, 5840, 754, 2852]
6863	[3402, 6539, 8567, 3811, 6573]
6864	[4186, 366, 8871, 7940, 944]
6866	[7150, 9949, 4528, 1790, 9113]
6867	[7494, 6552, 6060, 6456, 4844]
6874	[9807, 9812, 6367, 4885, 9538]
6878	[3798, 3688, 7016, 5851, 3574]
6879	[8726, 4854, 1687, 3005, 7942]
6880	[107, 1860, 5081, 837, 8986]
6882	[1020, 5354, 7722, 8849, 9779]
6887	[7364, 5698, 5248, 2903, 8127]
6892	[4114, 7352, 1687, 4217, 3259]
6901	[9749, 8766, 6523, 1510, 1564]
6904	[24, 9246, 4711, 9718, 8971]
6910	[6850, 431, 8006, 9773, 3584]
6911	[666, 5125, 5329, 7016, 7275]
6915	[4456, 4763, 2803, 8568, 5769]
6924	[1151, 1080, 3550, 256, 8977]
6926	[6389, 4652, 5395, 1409, 6131]
6928	[1210, 7783, 5226, 2824, 3887]
6930	[9627, 6189, 251, 9126, 5524]
6933	[4758, 4639, 3713, 2435, 3072]
6937	[8206, 7816, 9459, 6263, 4003]
6940	[1516, 2889, 2287, 7782, 878]
6949	[3322, 3971, 5619, 5432, 4914]
6951	[7865, 8910, 4562, 4677, 3210]
6957	[6042, 6751, 8211, 3351, 2176]
6964	[3057, 2249, 7045, 9276, 4096]
6965	[6370, 7573, 9571, 8750, 431]
6967	[6630, 198, 5695, 7681, 2132]
6968	[6850, 431, 1873, 5856, 9200]
6976	[7184, 7834, 6015, 6897, 1222]
6977	[8128, 5965, 4567, 9384, 4211]
6983	[1955, 2098, 7895, 973, 3124]
6984	[2239, 365, 3573, 1717, 7315]
6987	[2961, 4595, 5624, 8369, 2118]
6990	[9124, 9966, 1598, 9524, 5918]
6995	[9257, 2795, 4901, 2319, 2157]
7001	[7013, 7210, 2708, 8035, 6910]
7003	[2153, 6327, 734, 7499, 2935]
7005	[7016, 3128, 74, 3798, 5397]
7006	[5339, 95, 7756, 2614, 4649]
7017	[9395, 8357, 9225, 7051, 8216]
7022	[9456, 2435, 4639, 8287, 4758]
7023	[7113, 5109, 5047, 5809, 509]
7031	[9830, 2123, 8087, 607, 2283]
7043	[7326, 4319, 208, 4851, 1927]
7044	[4415, 2149, 1945, 4340, 7942]
7048	[2592, 5170, 60, 1641, 4264]
7066	[2347, 2035, 9055, 4169, 9069]
7069	[1888, 9207, 464, 6690, 5184]
7070	[732, 5715, 7836, 1158, 3813]
7072	[1296, 6929, 775, 1902, 1392]
7073	[6269, 9934, 5042, 4705, 5168]
7075	[5247, 578, 849, 2281, 2440]
7084	[1185, 5673, 4541, 7077, 1722]
7088	[3972, 6583, 3581, 2531, 9990]
7092	[2952, 8102, 1581, 4227, 1650]
7093	[2358, 1944, 3249, 5870, 5116]
7099	[9286, 8526, 2019, 5251, 9004]
7101	[8941, 6094, 3200, 7335, 6604]
7106	[9901, 4925, 6500, 1481, 7087]
7121	[9141, 1626, 3802, 5568, 9825]
7123	[9853, 1668, 2541, 1575, 7945]
7130	[5372, 6426, 1785, 4791, 4968]
7135	[5652, 2842, 4068, 6003, 8739]
7142	[9165, 7366, 2790, 9569, 5818]
7152	[1297, 7532, 2427, 9353, 3682]
7156	[8538, 5772, 618, 9821, 449]
7158	[4072, 3596, 5481, 2953, 2787]
7159	[4314, 1893, 9521, 5171, 3380]
7167	[1711, 6538, 1519, 261, 8538]
7193	[9141, 2610, 9382, 9227, 8029]
7197	[3063, 5056, 1633, 6256, 8332]
7213	[4531, 8998, 6241, 5666, 4832]
7238	[7843, 7485, 3727, 380, 8933]
7240	[5325, 315, 427, 4586, 1347]
7242	[3061, 7722, 6745, 221, 8603]
7245	[6642, 3711, 4464, 1222, 940]
7248	[9310, 3863, 8265, 6854, 7141]
7249	[9303, 7681, 6747, 9286, 1204]
7251	[9592, 1399, 4616, 2835, 3641]
7253	[6538, 5516, 9445, 431, 6039]
7268	[1949, 172, 5336, 8959, 10]
7273	[9011, 380, 8742, 7941, 5613]
7276	[9415, 5526, 2321, 2125, 989]
7278	[2347, 891, 7428, 3858, 7722]
7279	[4900, 4709, 8426, 4111, 7939]
7289	[3134, 5508, 361, 6331, 7089]
7290	[1050, 3364, 3863, 3869, 2619]
7294	[1620, 6736, 3157, 1068, 2169]
7298	[4264, 94, 3231, 7458, 113]
7317	[2284, 5014, 2290, 7763, 6724]
7320	[7965, 6172, 6710, 4484, 2230]
7330	[3479, 3358, 9356, 6813, 6183]
7336	[1903, 1158, 6038, 3813, 6769]
7342	[2041, 5929, 4341, 8395, 362]
7344	[9524, 5060, 9991, 8362, 7193]
7348	[9451, 256, 5390, 9983, 5185]
7351	[5107, 7050, 2397, 5169, 8416]
7363	[1444, 9235, 779, 2803, 2158]
7366	[6270, 7520, 9453, 6299, 3765]
7371	[627, 8394, 1977, 5904, 283]
7375	[7153, 261, 5326, 1404, 4109]
7377	[5422, 2873, 2338, 7893, 4063]
7381	[9556, 9171, 8593, 8234, 6090]
7398	[1538, 5584, 4063, 8544, 1630]
7408	[2170, 5069, 3964, 8676, 6494]
7409	[8171, 8113, 8121, 6155, 2770]
7410	[2484, 3364, 5386, 4521, 1050]
7414	[1704, 8920, 752, 8707, 5031]
7426	[9949, 1790, 701, 7150, 9518]
7446	[9070, 3044, 684, 1400, 2616]
7451	[7775, 8649, 4300, 5014, 3718]
7454	[9588, 8126, 6080, 3284, 9665]
7456	[4629, 6480, 5508, 2986, 598]
7457	[1885, 1404, 7996, 4671, 3903]
7465	[5462, 8371, 8227, 9920, 2248]
7466	[504, 3776, 2805, 3689, 3340]
7475	[2505, 391, 9188, 8264, 9437]
7476	[6560, 5553, 4006, 2871, 6756]
7478	[3364, 9779, 3835, 5335, 2711]
7480	[4112, 6327, 7739, 6824, 7343]
7487	[3252, 2856, 6755, 261, 3903]
7490	[7580, 7388, 3777, 6522, 2845]
7503	[2687, 3495, 5139, 5560, 2708]
7509	[9682, 3216, 4471, 4903, 2515]
7510	[5911, 980, 7546, 1470, 4483]
7512	[9384, 4211, 6851, 6375, 2683]
7513	[8779, 477, 1159, 6340, 9493]
7519	[2080, 9286, 5666, 9812, 5196]
7521	[6806, 9612, 857, 6448, 2873]
7524	[5837, 4557, 9340, 9465, 2193]
7526	[8227, 6467, 2346, 6383, 3789]
7529	[6960, 1753, 9934, 7358, 7496]
7535	[6499, 5687, 3167, 9812, 316]
7537	[1299, 859, 1437, 9817, 5343]
7539	[9465, 4602, 8925, 3117, 3478]
7544	[2546, 5915, 4912, 3814, 2091]
7549	[6952, 579, 6583, 2479, 8031]
7550	[1547, 3815, 6007, 2135, 9760]
7552	[8206, 4420, 5190, 3359, 5231]
7557	[9494, 8404, 5430, 3674, 4469]
7559	[412, 8383, 6126, 2875, 3635]
7560	[9558, 2323, 2621, 9096, 4335]
7587	[4006, 2871, 589, 6350, 7949]
7607	[7865, 8910, 4903, 3210, 4166]
7614	[6896, 4486, 512, 7222, 6021]
7617	[9474, 4008, 5963, 6390, 5808]
7622	[6697, 6928, 1136, 818, 4641]
7624	[8088, 2775, 6670, 1592, 756]
7628	[268, 256, 7080, 1151, 7454]
7629	[4623, 9583, 4752, 3219, 77]
7631	[9508, 5138, 6084, 6374, 9031]
7635	[8511, 6809, 3058, 6517, 6652]
7637	[6054, 4949, 2920, 3193, 9055]
7651	[6784, 7559, 2071, 1334, 5705]
7656	[8886, 6032, 1925, 4882, 7730]
7660	[1033, 8688, 758, 5498, 545]
7662	[4494, 8512, 890, 9859, 918]
7669	[4345, 6029, 4642, 347, 1802]
7672	[3762, 2459, 899, 2333, 7192]
7673	[1270, 8227, 5925, 8750, 8171]
7675	[5883, 8792, 6938, 896, 8783]
7677	[4357, 6617, 6852, 7585, 65]
7695	[4264, 94, 3231, 113, 7160]
7702	[9487, 6162, 3520, 4551, 2789]
7704	[3254, 2857, 9443, 7843, 1895]
7709	[8550, 8681, 9477, 6102, 6932]
7713	[6160, 2602, 4160, 9182, 2460]
7719	[2098, 7639, 973, 4679, 380]
7720	[1595, 4011, 8126, 9080, 7796]
7721	[5110, 7920, 7608, 7364, 3281]
7727	[1945, 7569, 7356, 613, 4745]
7730	[4894, 9527, 1960, 6136, 5045]
7746	[7665, 3670, 5151, 2811, 7873]
7749	[9508, 5138, 4345, 8283, 239]
7754	[8616, 7459, 9195, 6199, 4958]
7768	[8686, 4401, 3736, 6706, 3250]
7774	[1201, 6165, 8376, 2737, 6164]
7777	[3637, 1380, 2514, 6335, 4625]
7782	[112, 868, 7142, 6927, 6771]
7783	[3252, 6755, 2856, 6493, 2629]
7797	[9346, 3057, 5644, 6759, 7115]
7799	[8842, 5718, 7016, 290, 5561]
7801	[8075, 671, 8571, 6565, 1900]
7805	[2259, 2744, 5828, 2029, 2895]
7806	[1010, 293, 3048, 1446, 3613]
7820	[4500, 6072, 1018, 9613, 9648]
7828	[379, 7408, 9196, 2149, 3467]
7835	[8126, 6988, 7735, 7659, 9665]
7840	[370, 3724, 2866, 4819, 8438]
7841	[2627, 9293, 4873, 5587, 2623]
7842	[3982, 8679, 4230, 5157, 9805]
7843	[9908, 8865, 2750, 819, 5561]
7846	[2079, 9740, 6153, 113, 9323]
7847	[2008, 4688, 4029, 388, 5349]
7850	[5179, 359, 1337, 5655, 9500]
7858	[4462, 3193, 3746, 2483, 3300]
7862	[7630, 5603, 178, 6960, 7404]
7863	[7765, 6852, 3450, 3000, 5386]
7864	[3615, 8029, 570, 2, 5449]
7865	[3784, 8718, 4216, 3718, 4541]
7867	[2341, 806, 3513, 7036, 4746]
7870	[124, 5215, 5058, 8678, 9032]
7878	[2841, 3149, 101, 1010, 5670]
7880	[4238, 9992, 2125, 9881, 6550]
7884	[4112, 6448, 891, 9972, 5827]
7889	[3517, 213, 4521, 5336, 2980]
7894	[601, 2249, 346, 7775, 2514]
7895	[6850, 431, 8991, 7574, 5305]
7909	[5547, 5748, 595, 7091, 4582]
7910	[137, 9964, 2336, 1381, 4061]
7911	[2442, 3702, 5316, 7303, 1826]
7913	[6235, 5432, 1540, 9972, 5746]
7915	[7225, 3936, 851, 4137, 2478]
7916	[6906, 4523, 8915, 6421, 1478]
7919	[1047, 2273, 9695, 6215, 8320]
7924	[7206, 1662, 5019, 4387, 5521]
7925	[662, 5856, 4398, 3584, 4943]
7931	[2341, 9664, 931, 6266, 4006]
7939	[521, 5666, 7600, 9609, 876]
7953	[7851, 2105, 2316, 186, 8337]
7960	[662, 3314, 2050, 4443, 5856]
7964	[6833, 6432, 8963, 1862, 5053]
7969	[7914, 6638, 2442, 1810, 4391]
7970	[4469, 6971, 5417, 7414, 5553]
7977	[1146, 1814, 1384, 3545, 241]
7981	[4406, 3279, 7027, 1646, 6599]
7984	[1632, 3641, 9338, 6800, 4616]
8003	[8822, 8894, 5531, 198, 1003]
8015	[7117, 2789, 9637, 1542, 3379]
8016	[256, 2952, 1675, 8423, 5186]
8021	[1980, 9972, 4337, 6372, 7290]
8028	[5192, 7290, 7773, 1980, 3568]
8032	[5575, 2719, 8058, 2648, 9286]
8040	[260, 9465, 3517, 2846, 172]
8047	[4939, 618, 7400, 3623, 9293]
8054	[7113, 782, 6432, 7846, 8139]
8058	[1284, 2483, 8142, 9045, 6550]
8061	[8280, 7903, 9732, 2638, 5009]
8063	[656, 5160, 1047, 9124, 3440]
8065	[7122, 2338, 4793, 3259, 8793]
8066	[1219, 9338, 6924, 6711, 591]
8067	[9157, 4011, 8121, 4208, 3468]
8069	[4991, 9614, 7045, 7679, 2675]
8073	[3617, 1340, 4850, 301, 2067]
8074	[5516, 4057, 3960, 6980, 6494]
8079	[3784, 261, 4541, 6708, 6682]
8084	[2263, 6426, 726, 4126, 8278]
8085	[7346, 5352, 8642, 2216, 2306]
8089	[636, 9311, 8526, 7917, 3257]
8092	[7448, 2776, 970, 9444, 7019]
8105	[7863, 6080, 8126, 1033, 1572]
8125	[5050, 1720, 8052, 6797, 4356]
8127	[9668, 1242, 1342, 7280, 2811]
8137	[2766, 1422, 8589, 333, 3659]
8145	[6389, 4652, 5395, 7841, 6131]
8151	[1145, 9753, 5663, 2257, 7735]
8152	[2719, 6277, 6141, 5441, 4208]
8158	[1955, 2098, 380, 973, 5328]
8160	[7863, 6646, 7874, 7708, 6782]
8165	[9809, 7418, 1219, 6800, 7451]
8166	[1887, 3229, 1384, 8404, 9520]
8167	[4365, 9456, 6783, 9801, 3966]
8168	[2753, 9415, 2321, 989, 867]
8179	[7187, 2726, 4268, 570, 7027]
8181	[7313, 7773, 6852, 7290, 9263]
8183	[9949, 7150, 1406, 1790, 3673]
8185	[3495, 2108, 1581, 3069, 9140]
8192	[309, 3066, 7657, 7509, 9981]
8193	[1401, 6625, 4670, 3199, 6330]
8195	[9171, 9556, 9140, 2302, 6262]
8196	[9732, 3501, 5094, 7699, 8331]
8199	[8602, 8686, 8362, 8665, 1936]
8201	[8411, 7974, 1056, 2336, 4520]
8202	[7865, 8910, 4562, 4677, 3210]
8205	[6413, 6104, 311, 979, 2389]
8212	[3936, 5575, 9168, 6630, 1887]
8213	[4113, 7459, 6536, 2235, 3697]
8217	[6187, 1528, 6188, 8503, 6372]
8232	[6083, 4486, 790, 1009, 9522]
8239	[8547, 983, 330, 5348, 7532]
8256	[9807, 2556, 2080, 2581, 4427]
8262	[8791, 5260, 5708, 9277, 7343]
8272	[7087, 9779, 9863, 7081, 4652]
8277	[9006, 8040, 5779, 290, 8857]
8285	[8094, 1323, 1086, 6136, 7604]
8297	[228, 8985, 7901, 3167, 4188]
8301	[6029, 347, 8835, 6835, 4762]
8313	[8954, 1158, 2418, 6038, 8744]
8316	[9993, 9548, 9458, 1279, 6832]
8318	[9124, 1598, 474, 6249, 5918]
8321	[3394, 8050, 4743, 3742, 519]
8328	[8244, 554, 3261, 8035, 2966]
8335	[4716, 4230, 4178, 3567, 9961]
8337	[6096, 5537, 6627, 7221, 7066]
8338	[5744, 5700, 4071, 6781, 8647]
8345	[4251, 8752, 9621, 1119, 4680]
8347	[4094, 1618, 7478, 9941, 4286]
8348	[2332, 1046, 3059, 9557, 4270]
8353	[3206, 7940, 8332, 6079, 4807]
8354	[4365, 5815, 2537, 9456, 3976]
8357	[3550, 256, 3495, 2108, 1151]
8366	[5430, 9857, 9431, 3694, 7892]
8370	[662, 1710, 6254, 9835, 4584]
8371	[9338, 5787, 8346, 2442, 6711]
8380	[9637, 2249, 9563, 9825, 2770]
8381	[2341, 256, 1551, 8698, 5186]
8382	[3083, 2985, 1297, 3458, 2484]
8384	[2320, 4538, 2186, 2592, 3120]
8385	[6096, 7221, 9692, 6636, 8706]
8388	[5856, 5516, 6980, 5349, 103]
8390	[3990, 4643, 1483, 4357, 1358]
8405	[2122, 4452, 1667, 6218, 8437]
8414	[9078, 6814, 8660, 275, 3102]
8417	[3784, 4541, 958, 1800, 7419]
8420	[1219, 9338, 2835, 1632, 3641]
8421	[4823, 5995, 9636, 5362, 8991]
8429	[7220, 1093, 9610, 1058, 409]
8435	[4643, 6303, 2541, 2224, 9113]
8437	[4015, 3774, 3931, 2229, 4138]
8442	[1398, 4509, 8721, 4180, 1087]
8445	[5159, 8847, 6446, 6313, 6286]
8450	[897, 3109, 35, 7308, 7606]
8453	[504, 3776, 2805, 3689, 3340]
8454	[5968, 1647, 7233, 1137, 4119]
8460	[6474, 6889, 3557, 5494, 7904]
8462	[9273, 4641, 6432, 1821, 6545]
8466	[4381, 4586, 3058, 8511, 8118]
8474	[461, 6418, 3084, 6158, 3714]
8477	[4320, 7722, 5172, 6842, 5354]
8478	[5402, 9538, 9812, 6516, 1630]
8484	[8682, 1710, 3797, 6850, 3905]
8492	[1212, 5245, 850, 9779, 4377]
8498	[4738, 3611, 2575, 2198, 2230]
8504	[9944, 1194, 3213, 4411, 467]
8520	[811, 6421, 2701, 9732, 5586]
8535	[8520, 5040, 3359, 9699, 1345]
8536	[1265, 5101, 1185, 8504, 3649]
8540	[3053, 7978, 7149, 7181, 2659]
8541	[6039, 3054, 1579, 3586, 9571]
8548	[3257, 2802, 2846, 2858, 4607]
8549	[1419, 4937, 6371, 2335, 4973]
8561	[4941, 7802, 2096, 9204, 3196]
8566	[3427, 194, 9849, 221, 7167]
8571	[5801, 54, 4989, 1376, 8520]
8575	[2107, 2338, 3057, 9126, 5297]
8584	[2266, 6761, 4337, 6677, 3635]
8585	[4546, 6350, 1693, 9427, 6556]
8586	[6850, 3797, 431, 877, 1579]
8587	[1989, 7209, 6124, 9850, 7353]
8590	[3215, 6051, 4874, 2975, 7060]
8591	[2320, 2592, 4285, 7356, 5356]
8599	[4587, 3945, 1125, 5697, 2872]
8602	[5617, 2906, 7849, 1054, 2441]
8606	[9305, 6266, 7486, 6370, 8599]
8608	[5179, 1956, 5554, 8285, 4293]
8610	[9269, 4245, 8245, 2602, 4638]
8623	[3883, 3483, 8398, 8377, 6119]
8624	[4613, 4170, 3587, 6855, 5010]
8632	[7122, 2338, 8793, 3552, 8966]
8636	[7846, 1821, 1507, 3511, 6493]
8639	[2378, 17, 4089, 7585, 873]
8647	[9795, 1598, 4467, 8661, 1531]
8648	[7567, 5780, 1035, 3255, 56]
8651	[7263, 5698, 6972, 6841, 367]
8655	[1350, 3073, 7384, 7880, 6950]
8667	[9416, 6765, 2856, 6884, 7455]
8672	[8369, 3086, 9152, 6441, 271]
8673	[6483, 2663, 3181, 1385, 7401]
8674	[9474, 36, 2736, 6390, 2367]
8702	[5107, 3708, 6807, 4725, 3659]
8711	[2875, 4759, 6854, 5335, 6493]
8717	[1376, 4044, 8128, 5150, 5651]
8718	[7206, 3507, 5521, 3159, 671]
8721	[3362, 6263, 313, 2260, 5116]
8726	[4731, 3063, 6930, 3320, 1982]
8728	[4888, 112, 6425, 6232, 2709]
8729	[3377, 3575, 7593, 4357, 2789]
8735	[2677, 7432, 2291, 9155, 6900]
8736	[2888, 1527, 1761, 1615, 2266]
8738	[6038, 3813, 7566, 9241, 2243]
8739	[2853, 4917, 4780, 6501, 5079]
8740	[6890, 3765, 7674, 3533, 4253]
8742	[9141, 2610, 8557, 7290, 9382]
8744	[4888, 4513, 474, 6797, 6403]
8752	[7430, 1045, 717, 9785, 1823]
8756	[9347, 2644, 5249, 8662, 1614]
8759	[6790, 8469, 6648, 8552, 600]
8760	[7827, 8993, 1614, 2610, 4691]
8767	[3281, 322, 786, 6536, 4567]
8769	[9850, 4852, 5198, 3926, 2124]
8771	[1974, 2928, 7811, 260, 3855]
8774	[7117, 5553, 1428, 6229, 5306]
8778	[70, 1458, 8874, 8264, 2933]
8779	[6024, 23, 5871, 3017, 117]
8780	[4469, 5417, 5430, 6971, 9494]
8788	[8497, 4206, 6304, 6046, 6746]
8791	[4572, 2908, 7117, 1428, 5306]
8793	[124, 6545, 4460, 17, 6134]
8801	[4766, 415, 9439, 8841, 4618]
8807	[7161, 3365, 3099, 9272, 3233]
8809	[3402, 6573, 1795, 8348, 4960]
8810	[2080, 6367, 1980, 6288, 1322]
8811	[6617, 7585, 1483, 9004, 2421]
8818	[8315, 5931, 7857, 1663, 8476]
8823	[2710, 2872, 1537, 4005, 1125]
8825	[1674, 5940, 30, 9538, 958]
8834	[7949, 4114, 1687, 4217, 3259]
8835	[6096, 8706, 6627, 5537, 7066]
8837	[3749, 1887, 7681, 8822, 8894]
8841	[1595, 8884, 4947, 6246, 7796]
8843	[3206, 6066, 3026, 113, 3403]
8869	[5151, 3670, 5767, 3245, 4648]
8878	[7117, 4798, 3379, 5553, 3765]
8880	[1045, 5333, 5297, 3005, 4432]
8882	[2801, 5959, 1100, 433, 7963]
8886	[5390, 7213, 3713, 3119, 3680]
8887	[4681, 7708, 5610, 8264, 5257]
8895	[8688, 3144, 3958, 1033, 6852]
8900	[479, 1224, 9533, 5576, 9174]
8921	[5039, 5401, 142, 6798, 196]
8928	[9885, 261, 1404, 1982, 1410]
8934	[5553, 9243, 6256, 7028, 3264]
8937	[645, 8297, 2973, 239, 5176]
8951	[3545, 6017, 2455, 2505, 7528]
8956	[6806, 8686, 9265, 4884, 857]
8970	[265, 609, 8728, 3481, 1491]
8975	[7785, 3076, 2061, 6783, 7618]
8980	[3364, 1050, 4078, 7312, 3313]
8982	[3908, 1485, 7494, 9004, 8126]
8984	[1612, 4566, 5876, 1706, 7765]
8989	[3229, 1887, 3952, 3627, 5430]
8990	[4736, 4354, 1278, 7200, 6304]
8996	[4951, 5219, 104, 5951, 480]
8998	[5678, 7804, 8221, 7100, 9576]
8999	[6816, 6090, 2328, 8662, 1919]
9003	[3905, 1579, 6039, 431, 8788]
9006	[9589, 5553, 4325, 6220, 5467]
9007	[797, 8651, 1286, 1212, 7693]
9008	[8251, 1033, 7141, 9004, 3926]
9009	[195, 8870, 7417, 5171, 7992]
9024	[4345, 1093, 7427, 5614, 6644]
9025	[911, 4929, 8044, 5036, 6233]
9036	[6850, 3797, 431, 8787, 877]
9039	[9171, 7082, 8539, 6829, 9175]
9048	[6946, 7520, 6533, 1020, 5144]
9050	[5331, 1977, 1882, 9712, 321]
9057	[5215, 4662, 8271, 817, 1091]
9060	[3982, 5013, 888, 8033, 4643]
9068	[1724, 3477, 5970, 6392, 2462]
9069	[4006, 6756, 6560, 7336, 2871]
9080	[7263, 6275, 45, 3919, 7054]
9082	[2986, 2863, 724, 609, 1366]
9083	[7791, 3109, 897, 2169, 6314]
9085	[752, 4338, 8920, 7377, 9530]
9086	[6065, 2340, 8492, 8816, 209]
9092	[881, 516, 6593, 3, 7406]
9098	[3150, 9866, 721, 8482, 8026]
9100	[5633, 8674, 1779, 7130, 5136]
9101	[7146, 5400, 2729, 9096, 3613]
9104	[4541, 3708, 2940, 6724, 6682]
9109	[6096, 6739, 5537, 2430, 3199]
9113	[8407, 1376, 149, 7152, 9197]
9116	[3797, 3903, 261, 9885, 1404]
9120	[5116, 5653, 3659, 4503, 5882]
9123	[2595, 6331, 4338, 9612, 6504]
9125	[4475, 1830, 4138, 1883, 7407]
9133	[1724, 7708, 4681, 1523, 1268]
9139	[7706, 6322, 2476, 8608, 8712]
9142	[388, 7243, 9347, 7585, 1650]
9145	[4991, 7679, 9614, 953, 4231]
9146	[3231, 94, 7458, 4264, 1047]
9155	[7739, 3294, 2727, 871, 9976]
9157	[3328, 9663, 5642, 5370, 993]
9173	[1410, 1982, 9465, 158, 7419]
9174	[9234, 8874, 3742, 9162, 1143]
9178	[9004, 7494, 250, 6186, 7141]
9179	[1746, 5808, 8006, 36, 8449]
9189	[194, 3680, 6309, 7622, 7785]
9193	[5386, 326, 2332, 6162, 9557]
9200	[9456, 9946, 317, 8678, 1591]
9202	[2616, 5338, 7607, 7009, 3524]
9206	[5138, 3516, 6514, 8792, 8617]
9210	[5666, 2422, 9582, 9004, 7972]
9211	[6213, 7936, 2259, 8647, 4897]
9212	[5179, 8364, 3684, 84, 9263]
9217	[7939, 3317, 7162, 7863, 4071]
9222	[8035, 3495, 4432, 1151, 146]
9226	[2992, 5470, 836, 730, 3711]
9229	[3731, 2602, 207, 413, 3743]
9247	[2766, 2583, 9099, 8170, 1553]
9250	[3229, 1887, 3936, 5531, 1003]
9254	[2112, 481, 1277, 3365, 4315]
9261	[2985, 1034, 369, 7586, 2484]
9262	[4358, 6274, 2812, 2342, 8687]
9264	[6488, 7138, 777, 5965, 3428]
9268	[2710, 2872, 1537, 4005, 1125]
9284	[5535, 4635, 4130, 8855, 8396]
9290	[8366, 9801, 2447, 8084, 9812]
9293	[2604, 3979, 8897, 2510, 6255]
9297	[1259, 567, 3501, 40, 6472]
9309	[8828, 9548, 1553, 705, 5386]
9311	[8180, 5516, 5856, 9471, 3797]
9318	[9997, 4645, 2414, 1524, 9712]
9320	[1119, 562, 9049, 4930, 8516]
9322	[261, 7520, 1104, 9629, 717]
9323	[1399, 1632, 4616, 2835, 3641]
9333	[5558, 6588, 5029, 1254, 4092]
9339	[2802, 5115, 6878, 6995, 3431]
9340	[8728, 1443, 265, 7400, 9244]
9343	[2546, 5915, 4085, 4735, 4912]
9344	[9801, 8366, 4457, 2909, 4675]
9345	[7851, 4017, 303, 4491, 2689]
9348	[5526, 7858, 5872, 9718, 4374]
9359	[5442, 191, 7302, 8928, 8750]
9361	[6838, 4871, 9914, 7424, 6964]
9362	[9171, 9175, 7082, 8539, 3550]
9363	[9299, 909, 7755, 9849, 9843]
9364	[4017, 5595, 1765, 7443, 6833]
9365	[504, 2805, 3340, 3689, 3776]
9368	[7272, 3573, 5070, 944, 5502]
9370	[1632, 3641, 8069, 4616, 6822]
9379	[344, 9273, 5068, 7658, 9063]
9380	[7785, 6783, 5706, 604, 7592]
9387	[8109, 4437, 7936, 8603, 3559]
9389	[8131, 5832, 943, 8911, 6145]
9393	[7715, 5864, 8827, 356, 979]
9397	[5516, 8501, 4057, 5744, 5305]
9404	[4814, 408, 4091, 3182, 7807]
9409	[8707, 6303, 3996, 1867, 5274]
9417	[3330, 9807, 1373, 1152, 3331]
9422	[3797, 6850, 877, 8787, 3013]
9425	[944, 5172, 8247, 5502, 4186]
9426	[2764, 7859, 4387, 7206, 979]
9428	[7122, 8949, 391, 3642, 4427]
9430	[7212, 8520, 4491, 6131, 8742]
9436	[1169, 8135, 6533, 6749, 9153]
9443	[7797, 5249, 7343, 3294, 2727]
9445	[708, 1064, 4672, 2399, 8695]
9447	[4638, 4245, 9269, 7494, 6364]
9458	[5526, 7182, 5400, 9802, 395]
9477	[828, 7632, 5218, 6923, 2104]
9478	[2950, 1954, 9657, 9008, 2182]
9494	[6165, 582, 4358, 8269, 896]
9504	[3775, 5963, 986, 9779, 2894]
9507	[1351, 3135, 5585, 9526, 7846]
9512	[9141, 2610, 6761, 7290, 9382]
9515	[3742, 2577, 9171, 6522, 2291]
9516	[2495, 7127, 8698, 7084, 1461]
9523	[5115, 4133, 5375, 5962, 1416]
9528	[5360, 494, 256, 6597, 4344]
9530	[3782, 4644, 3021, 3975, 3281]
9532	[7718, 3656, 6327, 9265, 3347]
9537	[70, 8264, 8936, 1906, 8045]
9543	[8362, 7193, 2367, 1685, 179]
9555	[1113, 1050, 3364, 9089, 2856]
9560	[53, 8052, 3662, 6269, 9185]
9565	[6552, 9620, 427, 5924, 8902]
9567	[9773, 431, 3797, 1579, 6850]
9569	[461, 1636, 3018, 526, 9052]
9574	[3205, 1410, 8769, 9465, 2515]
9575	[3069, 9531, 1326, 1541, 4410]
9582	[4460, 1259, 9863, 4336, 408]
9588	[8227, 4087, 6592, 9296, 692]
9596	[5229, 9702, 2900, 4142, 5271]
9601	[7419, 7396, 3991, 3363, 9406]
9603	[1020, 7722, 3914, 5009, 4802]
9607	[3364, 1050, 4838, 1293, 3083]
9619	[4978, 1374, 8840, 109, 5812]
9622	[2569, 3991, 4567, 3528, 670]
9625	[8153, 2738, 7708, 4395, 17]
9639	[5786, 5400, 2195, 3435, 9868]
9641	[1968, 9990, 6117, 2705, 1656]
9644	[5179, 9263, 1141, 8099, 2478]
9650	[9952, 338, 5291, 4083, 5518]
9651	[4436, 9698, 3887, 9781, 8483]
9655	[4815, 8582, 5061, 3512, 9301]
9660	[5001, 4441, 3884, 7131, 1920]
9662	[5179, 1980, 1717, 9503, 373]
9667	[7610, 9325, 476, 3198, 2950]
9668	[2845, 3777, 6556, 7026, 3457]
9671	[3879, 6503, 5683, 7822, 6797]
9675	[3982, 1266, 993, 7048, 7573]
9681	[9474, 742, 8346, 2200, 2921]
9683	[4767, 2391, 8871, 8137, 8517]
9687	[9680, 44, 7958, 1000, 9867]
9695	[8244, 9259, 5018, 163, 4557]
9697	[858, 9018, 6663, 872, 3414]
9700	[504, 3776, 2805, 3689, 3340]
9702	[4750, 2472, 9338, 2245, 3844]
9727	[5898, 9037, 4914, 7480, 2287]
9729	[185, 360, 6786, 1172, 8799]
9731	[4136, 5678, 8634, 8259, 7098]
9732	[1293, 5578, 3886, 3513, 2624]
9742	[1887, 3229, 8404, 3936, 5531]
9746	[1887, 1384, 3229, 8651, 7416]
9747	[185, 8291, 360, 328, 1793]
9752	[2952, 1511, 4227, 1672, 1581]
9754	[4270, 3059, 9972, 4654, 1046]
9755	[9471, 6039, 3449, 6974, 9571]
9771	[4062, 1951, 2947, 7922, 3532]
9782	[7486, 6722, 4318, 6043, 5752]
9789	[6792, 1143, 2606, 4469, 2003]
9790	[4888, 6053, 2414, 7887, 9997]
9791	[642, 842, 7864, 3916, 6228]
9793	[9885, 4109, 9006, 3903, 1982]
9794	[3364, 1050, 1293, 6991, 1924]
9796	[6331, 5770, 7451, 6327, 1219]
9802	[7616, 3670, 7665, 1811, 7280]
9805	[3307, 712, 2240, 1687, 8927]
9807	[149, 4335, 9244, 9453, 545]
9808	[4815, 5345, 8582, 2307, 9836]
9810	[6641, 4560, 9140, 2520, 4063]
9811	[5179, 5386, 5554, 6411, 645]
9822	[9141, 3431, 3059, 8267, 2308]
9829	[392, 7288, 5324, 745, 7094]
9830	[6413, 4342, 3101, 5530, 8589]
9837	[3048, 1888, 9762, 464, 4512]
9838	[5756, 5389, 7599, 8614, 1348]
9847	[9289, 4888, 5741, 513, 8161]
9852	[8163, 3919, 6219, 3066, 4281]
9855	[201, 4839, 7367, 9525, 4401]
9860	[2080, 6367, 6288, 1980, 1322]
9863	[2080, 6367, 1980, 6288, 1322]
9870	[8128, 2683, 6375, 424, 6851]
9872	[2700, 4418, 1258, 9918, 8767]
9876	[4005, 5382, 6447, 9500, 3290]
9885	[3008, 8180, 6703, 4057, 1710]
9886	[7509, 5214, 7400, 6642, 2091]
9888	[8996, 51, 4599, 30, 6776]
9896	[7126, 2855, 9698, 871, 2726]
9909	[6077, 6408, 3801, 5145, 7538]
9910	[5856, 5516, 6686, 6850, 103]
9916	[9494, 198, 2132, 6971, 8404]
9917	[4497, 4812, 6637, 655, 807]
9925	[6755, 3252, 1972, 8360, 3593]
9926	[2808, 4835, 5584, 6913, 7454]
9927	[5403, 4142, 9688, 3152, 4738]
9928	[1210, 2314, 8060, 591, 3216]
9930	[7846, 6432, 184, 1821, 782]
9935	[3252, 6755, 2856, 4915, 6028]
9945	[973, 8258, 7016, 9265, 8901]
9953	[473, 8276, 3021, 7422, 4315]
9954	[205, 6825, 9961, 2709, 5642]
9955	[7105, 1777, 2074, 9105, 7749]
9958	[53, 8501, 2077, 8827, 3797]
9960	[5326, 8849, 8764, 5354, 8769]
9977	[6071, 5744, 6902, 3797, 3890]
9986	[1404, 8327, 3797, 261, 8906]
9996	[3055, 5961, 1483, 452, 6875]
10010	[2514, 6850, 3797, 1474, 8787]
10012	[7161, 3233, 3122, 4341, 2215]
10027	[6822, 1646, 1399, 6599, 1219]
10031	[5192, 1046, 9382, 791, 1980]
10037	[1028, 642, 2349, 3916, 5310]
10049	[6536, 2036, 9522, 5288, 5582]
10050	[4259, 5029, 5405, 9379, 5911]
10058	[8010, 26, 4829, 435, 5579]
10072	[3639, 7886, 9349, 8881, 3215]
10080	[3749, 2581, 1887, 4609, 2334]
10082	[1436, 1322, 8583, 5448, 8081]
10083	[6371, 2953, 1737, 9756, 2745]
10085	[8575, 8522, 8674, 4700, 3904]
10095	[6970, 7691, 9232, 6964, 4978]
10104	[2969, 9113, 958, 2224, 7664]
10105	[3294, 7797, 1849, 8686, 3834]
10117	[2, 3666, 6504, 814, 5770]
10118	[6774, 423, 553, 600, 5913]
10129	[6327, 4088, 1820, 1720, 857]
10132	[7580, 9427, 8371, 7388, 5462]
10139	[1819, 3094, 3288, 7400, 730]
10144	[6403, 5767, 9531, 7582, 3584]
10145	[2657, 7757, 5271, 5516, 261]
10146	[4188, 6544, 9266, 7126, 6816]
10149	[6088, 6783, 4992, 4025, 5742]
10162	[7122, 8060, 142, 6585, 7208]
10169	[1595, 7900, 7708, 2697, 3966]
10171	[1595, 8884, 4829, 6246, 996]
10175	[5887, 7481, 220, 148, 6278]
10176	[5007, 998, 2358, 7599, 8614]
10178	[2786, 8775, 3668, 9981, 377]
10180	[8198, 1327, 4151, 7812, 1731]
10184	[3854, 124, 5863, 7310, 5177]
10191	[4114, 3330, 1991, 4743, 3913]
10192	[2403, 3081, 8511, 3058, 759]
10197	[6331, 5770, 5449, 7451, 754]
10199	[7580, 2951, 1384, 3546, 938]
10204	[1980, 7765, 7290, 4337, 1046]
10208	[6850, 1873, 431, 1677, 9773]
10213	[3919, 2613, 6219, 3720, 3066]
10217	[2677, 5726, 9894, 7949, 6331]
10223	[9141, 3431, 9016, 1046, 2308]
10229	[6448, 4112, 3799, 2153, 1820]
10232	[2616, 7607, 8478, 9070, 684]
10240	[6971, 9494, 4469, 5417, 198]
10248	[7910, 5432, 9434, 8084, 7968]
10255	[8099, 6411, 3573, 6764, 2652]
10266	[6096, 8706, 5537, 6627, 7066]
10275	[5377, 8345, 7864, 5839, 9734]
10281	[9254, 6548, 6736, 9633, 2135]
10291	[6525, 157, 1711, 3316, 261]
10293	[3121, 9112, 335, 2156, 7739]
10300	[61, 888, 167, 1549, 4236]
10301	[7479, 8953, 5260, 5530, 2149]
10303	[431, 6850, 3905, 7677, 4657]
10307	[1505, 4380, 9066, 8659, 9145]
10312	[7848, 74, 5641, 5520, 1454]
10318	[814, 3919, 6219, 3066, 3665]
10324	[8291, 5678, 8216, 7258, 4315]
10339	[6003, 3862, 2239, 3708, 4778]
10343	[3338, 7478, 3422, 3977, 3314]
10346	[4455, 7639, 3248, 4460, 8869]
10351	[6070, 1296, 1902, 8283, 1392]
10355	[6329, 9756, 7563, 1737, 768]
10356	[3002, 7954, 9105, 2518, 3029]
10357	[5479, 7228, 4133, 8390, 2866]
10359	[9677, 5305, 9098, 249, 103]
10360	[5372, 8215, 5932, 9159, 2972]
10365	[3833, 5836, 2649, 869, 1770]
10372	[5533, 4705, 2182, 9224, 1744]
10376	[3313, 2087, 6268, 2204, 6938]
10377	[7311, 6317, 736, 2078, 1771]
10378	[9627, 6189, 251, 3585, 8621]
10379	[2812, 4358, 6274, 1076, 6185]
10381	[8185, 5920, 9317, 6528, 2374]
10387	[4006, 6560, 5553, 6756, 948]
10388	[5479, 5523, 5423, 7190, 8134]
10391	[6038, 3813, 6857, 5449, 1903]
10398	[1511, 4227, 2952, 9395, 4063]
10419	[2080, 6367, 3674, 9812, 6516]
10420	[2341, 4364, 7512, 1270, 163]
10436	[4156, 0, 8498, 5407, 3071]
10437	[2668, 845, 8864, 3101, 6304]
10452	[5051, 7397, 4313, 4350, 2370]
10458	[9415, 2321, 4105, 669, 5526]
10461	[4429, 8366, 9801, 4675, 6149]
10464	[5356, 1789, 674, 2075, 2347]
10465	[431, 6850, 103, 9773, 3797]
10472	[6298, 8164, 9286, 8259, 3394]
10478	[5070, 9005, 9446, 2400, 854]
10482	[4674, 157, 1179, 3090, 9157]
10484	[8327, 261, 3903, 8886, 4517]
10494	[2764, 7233, 7602, 201, 5699]
10496	[712, 3294, 9187, 6711, 6725]
10502	[1968, 6066, 8200, 8313, 665]
10504	[3252, 2856, 6755, 6251, 6991]
10508	[6822, 4616, 1412, 1632, 8069]
10518	[3495, 4901, 1009, 9140, 2186]
10523	[2950, 1954, 8116, 9008, 2182]
10529	[9519, 5336, 7263, 7087, 5249]
10530	[261, 3903, 9465, 9885, 3659]
10544	[1033, 1572, 1637, 3966, 9588]
10548	[5508, 263, 9006, 4942, 5188]
10551	[6773, 5709, 1353, 2319, 11]
10557	[2784, 4536, 6570, 7739, 754]
10558	[9350, 2393, 9172, 9503, 8659]
10559	[9346, 879, 3250, 1399, 2172]
10560	[5547, 595, 5748, 7105, 7091]
10565	[2811, 9037, 9217, 5898, 6332]
10567	[5076, 1340, 7670, 8066, 9747]
10568	[4524, 5296, 466, 4987, 7271]
10579	[6349, 9239, 1456, 8994, 8764]
10582	[1728, 301, 6432, 8583, 7719]
10585	[8031, 7824, 8282, 7054, 9616]
10591	[5260, 8791, 1306, 9301, 7750]
10593	[3643, 4043, 5299, 6661, 5336]
10595	[6389, 4652, 3830, 8407, 5680]
10599	[3252, 2856, 2858, 6088, 3242]
10603	[9241, 4715, 3668, 9244, 8899]
10605	[4424, 7146, 7016, 7218, 7160]
10607	[3233, 7161, 2215, 2881, 3122]
10625	[1979, 6141, 7543, 427, 7910]
10633	[3364, 1510, 1050, 6305, 5386]
10638	[3364, 1050, 9703, 6991, 5812]
10640	[8708, 5259, 8278, 3112, 3312]
10646	[9417, 6581, 4856, 9304, 8337]
10651	[9305, 5968, 1348, 6754, 2249]
10652	[2046, 6411, 5095, 3786, 1279]
10653	[9471, 7775, 1488, 7763, 5058]
10658	[53, 1880, 7293, 6070, 9507]
10664	[1595, 8884, 6246, 996, 4829]
10667	[431, 5856, 8006, 6980, 3983]
10671	[334, 8245, 4526, 6502, 1041]
10678	[1301, 9324, 9728, 6808, 2149]
10679	[9456, 5679, 742, 6603, 1591]
10687	[3990, 9471, 86, 4714, 5058]
10688	[2510, 3168, 6376, 5605, 7632]
10690	[7561, 6854, 3513, 8322, 806]
10702	[7448, 2776, 4574, 9624, 2375]
10704	[2248, 8813, 5144, 420, 1672]
10707	[5254, 7273, 7885, 2459, 2070]
10712	[445, 7437, 9984, 7866, 9502]
10713	[7146, 5400, 9944, 1274, 9868]
10720	[3525, 5034, 2382, 4620, 9796]
10723	[4645, 6069, 4748, 9569, 4270]
10724	[1033, 8688, 7032, 5610, 8968]
10726	[5553, 672, 7955, 2795, 9257]
10742	[1579, 9571, 6850, 9773, 431]
10752	[3926, 9080, 6879, 7708, 4011]
10760	[6604, 8769, 5305, 6550, 2515]
10766	[8663, 9620, 6456, 6915, 6197]
10767	[5516, 8501, 4057, 193, 7573]
10768	[2181, 1538, 9380, 3060, 9595]
10769	[7225, 5840, 2266, 3659, 7275]
10770	[5414, 1189, 1936, 8665, 6352]
10777	[5299, 6668, 1348, 2469, 7151]
10780	[9620, 6160, 9928, 8931, 1293]
10784	[8251, 3372, 1303, 7532, 3284]
10785	[9702, 3408, 3633, 6122, 2340]
10795	[5776, 5553, 836, 5467, 40]
10797	[6592, 4807, 3448, 1404, 5561]
10798	[3550, 256, 7663, 2103, 9676]
10805	[1742, 1443, 7400, 265, 9244]
10809	[1369, 2777, 5336, 862, 9829]
10819	[940, 5352, 7342, 2350, 7346]
10821	[9406, 6217, 4716, 8674, 3305]
10831	[6089, 7447, 4029, 5901, 9751]
10840	[7953, 5025, 2241, 2266, 9268]
10861	[7515, 5012, 7776, 6297, 3112]
10862	[7026, 3007, 8637, 8919, 9677]
10864	[3776, 504, 4138, 3340, 2360]
10865	[5110, 7608, 7255, 8780, 6733]
10866	[5449, 7718, 4028, 3320, 201]
10869	[9055, 5767, 2565, 28, 6896]
10877	[1056, 1747, 1805, 104, 3356]
10880	[92, 7594, 8365, 9251, 8707]
10886	[9289, 668, 8770, 9519, 3693]
10896	[7039, 9928, 1575, 1293, 1657]
10899	[1076, 9800, 6274, 6185, 4358]
10903	[3252, 6755, 9620, 330, 9089]
10904	[7232, 9435, 1153, 3415, 7700]
10905	[3060, 4951, 7020, 6618, 9225]
10912	[8506, 4524, 902, 5514, 2846]
10921	[556, 1860, 22, 7783, 2253]
10935	[4139, 4637, 4893, 8746, 6112]
10941	[7765, 8413, 556, 7963, 8666]
10962	[8462, 4928, 3505, 808, 1981]
10965	[2181, 9940, 5246, 2628, 5460]
10967	[4671, 786, 6795, 3537, 2869]
10976	[6327, 7739, 6331, 857, 8621]
10977	[8811, 4022, 4918, 70, 9367]
10980	[5186, 256, 608, 261, 1896]
10981	[6627, 7081, 7539, 4592, 2592]
10984	[9807, 1991, 2080, 7086, 3585]
10988	[879, 4420, 5469, 3909, 4195]
10990	[960, 425, 637, 2579, 301]
10995	[6842, 1435, 290, 73, 4226]
11002	[3233, 7161, 4158, 1083, 5760]
11010	[9668, 1342, 1242, 8820, 7009]
11011	[6941, 8955, 5205, 4766, 2517]
11013	[7451, 6769, 3527, 7643, 1364]
11016	[2318, 431, 877, 9571, 3849]
11029	[1293, 5382, 1575, 4013, 7311]
11030	[6344, 3152, 9437, 2581, 3674]
11063	[8911, 5357, 801, 404, 1857]
11077	[9620, 5208, 5581, 2177, 1588]
11078	[3061, 8345, 7980, 6691, 952]
11082	[5449, 9880, 3666, 5848, 9337]
11083	[7117, 575, 1143, 2795, 1542]
11087	[8235, 4399, 7968, 4175, 3568]
11090	[6960, 1753, 7358, 3815, 1188]
11094	[3543, 9195, 658, 6604, 1256]
11101	[8440, 1403, 1736, 7510, 2990]
11106	[8010, 8559, 6277, 7808, 2677]
11116	[2284, 5014, 2290, 7763, 8144]
11120	[3076, 6186, 1549, 6878, 523]
11124	[1405, 5007, 2709, 7566, 609]
11133	[1614, 8993, 5929, 6089, 2935]
11136	[8536, 6432, 782, 7370, 7846]
11144	[1526, 7302, 5947, 8242, 1154]
11146	[3512, 2604, 3979, 8897, 2510]
11148	[2080, 5460, 9812, 5196, 1322]
11149	[5306, 7117, 7373, 2795, 5553]
11156	[3317, 2966, 3444, 926, 5105]
11160	[9679, 7054, 503, 6978, 5645]
11162	[6638, 7914, 7303, 3054, 3708]
11167	[6850, 3797, 2514, 431, 1579]
11169	[7580, 287, 5681, 8919, 3457]
11171	[7122, 7454, 1630, 7663, 4095]
11172	[4736, 6304, 3715, 991, 8117]
11181	[386, 2394, 4739, 6344, 2843]
11185	[8831, 9914, 1453, 1517, 5211]
11191	[4418, 5336, 772, 4022, 6270]
11192	[643, 583, 6065, 3235, 4989]
11198	[8199, 2331, 6932, 5418, 4750]
11207	[1645, 5339, 171, 2083, 5016]
11209	[4915, 4568, 7773, 9665, 8788]
11212	[3205, 1410, 9465, 2515, 8769]
11221	[6329, 768, 3596, 2787, 4596]
11225	[1082, 2437, 1209, 3069, 8081]
11226	[8535, 1502, 1234, 6295, 8732]
11228	[3054, 8635, 7904, 3584, 877]
11234	[9965, 2346, 5076, 8058, 8599]
11243	[6496, 1542, 7117, 6401, 4469]
11247	[752, 6986, 8262, 6582, 2121]
11249	[2605, 2897, 2104, 6008, 5218]
11257	[6000, 302, 1363, 6056, 270]
11260	[1029, 9231, 5139, 2093, 5425]
11272	[3253, 8058, 5219, 1401, 6523]
11273	[265, 1443, 8728, 7400, 9244]
11277	[9175, 1158, 2728, 3854, 8395]
11279	[5547, 595, 8130, 2559, 5748]
11291	[2698, 8588, 7304, 391, 9746]
11303	[724, 2469, 9615, 8899, 3383]
11323	[6630, 7468, 3243, 9241, 2143]
11332	[601, 6948, 10, 385, 7519]
11334	[1516, 5251, 2889, 3194, 1393]
11336	[5430, 178, 4553, 9494, 746]
11346	[6538, 9798, 2678, 3708, 1834]
11347	[4986, 4030, 5552, 3987, 8024]
11354	[3957, 9883, 5107, 8425, 1834]
11358	[7680, 9322, 8636, 9685, 4402]
11368	[5237, 7086, 5262, 6031, 6796]
11371	[6970, 8877, 1279, 2985, 4978]
11374	[8856, 4347, 8538, 8720, 7560]
11386	[3985, 306, 5529, 454, 1800]
11393	[6850, 431, 1873, 9773, 7995]
11402	[6450, 7503, 6581, 709, 758]
11404	[8770, 8640, 1403, 8532, 8767]
11416	[556, 9338, 3887, 2726, 1871]
11418	[3990, 4643, 3982, 7975, 9108]
11427	[2950, 1954, 2182, 9008, 9224]
11436	[5518, 4234, 422, 4733, 1968]
11438	[2881, 5010, 2857, 5411, 6924]
11442	[9465, 9185, 4255, 6266, 7358]
11443	[5786, 3435, 8040, 8640, 6841]
11446	[7024, 7793, 621, 549, 3397]
11448	[2032, 5328, 1005, 5217, 138]
11450	[6226, 6256, 2366, 3149, 9603]
11451	[9231, 106, 5139, 2620, 7579]
11453	[3691, 6715, 9086, 3283, 9964]
11459	[2603, 5336, 1813, 2690, 4972]
11460	[124, 9790, 9665, 6261, 3766]
11476	[2442, 4391, 6638, 7303, 7914]
11482	[1595, 4011, 7796, 9080, 7650]
11483	[9445, 8281, 3220, 2077, 3115]
11500	[1030, 3257, 4676, 4009, 427]
11505	[545, 5268, 5465, 9311, 5294]
11512	[8884, 6246, 3966, 4972, 4613]
11523	[7163, 2152, 2331, 1053, 260]
11526	[3413, 6128, 6118, 9867, 5893]
11528	[6322, 4963, 8608, 3610, 6852]
11535	[5264, 1338, 7263, 538, 1793]
11542	[1665, 909, 4102, 3300, 1401]
11544	[6274, 4358, 1555, 1076, 6514]
11545	[6592, 251, 8945, 5813, 9812]
11549	[1963, 8471, 2476, 5598, 9237]
11559	[124, 8203, 8204, 5060, 3430]
11573	[6842, 7060, 19, 3590, 4842]
11576	[2677, 4781, 9155, 7284, 497]
11582	[5546, 4057, 5501, 9571, 3780]
11585	[9880, 1726, 754, 1936, 8665]
11592	[1528, 6187, 5440, 6188, 6372]
11594	[1559, 1467, 8778, 89, 4228]
11597	[8606, 6757, 7838, 2668, 2746]
11599	[9980, 5043, 7217, 1965, 6268]
11604	[1887, 3229, 1384, 8404, 6751]
11610	[3641, 8069, 4616, 9592, 1632]
11612	[6250, 6347, 3124, 2098, 2279]
11614	[7663, 5977, 1357, 7566, 2626]
11615	[9198, 2426, 6783, 5163, 3583]
11617	[7375, 68, 279, 3063, 3500]
11619	[2381, 7896, 7106, 7813, 4962]
11623	[7440, 6489, 9758, 2317, 5727]
11626	[9200, 3602, 9663, 3409, 2532]
11631	[4017, 203, 4491, 1645, 6852]
11632	[1212, 4280, 3557, 7354, 6383]
11634	[6054, 2920, 4949, 4109, 1925]
11637	[8791, 9057, 6200, 3471, 3467]
11638	[3251, 6994, 375, 8084, 1784]
11640	[2181, 3686, 44, 3302, 7212]
11641	[5954, 9986, 6078, 4280, 2817]
11643	[1834, 3708, 7763, 452, 5107]
11647	[4864, 579, 9133, 5387, 6376]
11664	[7151, 1059, 2646, 9471, 143]
11665	[2093, 1029, 5139, 5863, 6829]
11666	[9394, 5019, 5801, 979, 5152]
11668	[1980, 7313, 5503, 6372, 9557]
11669	[7420, 1032, 7526, 6080, 9828]
11670	[7016, 301, 6604, 323, 8003]
11672	[1207, 4087, 3070, 6592, 1693]
11674	[5547, 595, 4792, 4990, 4377]
11676	[6403, 3627, 5028, 7524, 9898]
11679	[4380, 1505, 7358, 9145, 9185]
11680	[917, 8510, 7709, 8237, 278]
11682	[6350, 6592, 5297, 3243, 7187]
11685	[6406, 4474, 5056, 1467, 512]
11691	[2331, 3673, 87, 9128, 925]
11698	[1623, 1696, 4019, 7589, 9798]
11710	[1213, 8768, 53, 1258, 1805]
11712	[3550, 8679, 3326, 494, 5164]
11718	[8648, 3543, 4601, 267, 9871]
11722	[6096, 7221, 5537, 8706, 6627]
11725	[1164, 215, 6608, 5435, 5219]
11733	[8092, 1645, 4312, 5016, 5111]
11734	[7225, 7906, 3199, 746, 6443]
11737	[5531, 1887, 1003, 3936, 6042]
11740	[3515, 3710, 8672, 4471, 4875]
11741	[3866, 2159, 2783, 2261, 7021]
11743	[3364, 1050, 1293, 6838, 1924]
11746	[9738, 6552, 3869, 6089, 3695]
11747	[9168, 3936, 5531, 1003, 3749]
11748	[6078, 8292, 4280, 5171, 4538]
11751	[7817, 6974, 7376, 7360, 5257]
11757	[7567, 8621, 9470, 1035, 9690]
11770	[6930, 2202, 2849, 9793, 3397]
11791	[3446, 4365, 1469, 778, 6088]
11792	[8608, 5498, 2476, 8171, 5865]
11796	[8079, 605, 9270, 2655, 4674]
11797	[4829, 2760, 7808, 1906, 3187]
11801	[1219, 6822, 3665, 6711, 5449]
11803	[4478, 3182, 4307, 6475, 6674]
11810	[2784, 9493, 3984, 9553, 1288]
11815	[2339, 7467, 6353, 8852, 8621]
11816	[210, 5772, 8518, 2058, 3300]
11822	[5954, 7001, 5752, 8598, 6702]
11826	[7675, 4361, 4792, 81, 2697]
11827	[3097, 1410, 1159, 6340, 477]
11828	[1293, 1050, 3364, 2566, 4694]
11834	[4758, 8051, 7213, 4639, 9553]
11838	[3782, 6786, 360, 4644, 3021]
11853	[7026, 9037, 4194, 4379, 3425]
11859	[6804, 6557, 1824, 8654, 5474]
11868	[6842, 7148, 6243, 5213, 2781]
11869	[5590, 3048, 9762, 2838, 5232]
11873	[2856, 5122, 6884, 3252, 6755]
11879	[6689, 3352, 4335, 3903, 261]
11902	[836, 8439, 40, 7631, 2150]
11908	[415, 8635, 6508, 9439, 7006]
11921	[7843, 9443, 3254, 3163, 9611]
11924	[3279, 3751, 4406, 4921, 7784]
11927	[1812, 9139, 4817, 1786, 1105]
11929	[6389, 5055, 275, 220, 9632]
11933	[9762, 7073, 2838, 3048, 5232]
11937	[5055, 6828, 5454, 1141, 1360]
11941	[1376, 4044, 8128, 8905, 1010]
11952	[2080, 9807, 6367, 9812, 5460]
11966	[7665, 663, 7437, 4020, 3670]
11967	[5403, 9198, 6080, 4399, 6667]
11978	[2167, 9094, 6382, 9478, 7558]
11981	[1293, 1050, 3364, 6595, 9853]
11993	[7520, 8371, 4469, 1853, 9613]
11996	[4631, 2234, 55, 1009, 1441]
12000	[4534, 8721, 6965, 72, 2402]
12003	[7892, 4592, 8045, 9431, 3777]
12009	[4116, 9141, 2848, 2610, 8557]
12010	[3004, 5176, 7787, 3753, 120]
12011	[5686, 6417, 8667, 527, 9816]
12017	[5179, 5386, 5554, 6411, 645]
12025	[8360, 1256, 7291, 6666, 6527]
12042	[5982, 3201, 3886, 5318, 5707]
12047	[4357, 2421, 6617, 7585, 5898]
12054	[2373, 4019, 1595, 4681, 3520]
12058	[2808, 7885, 2270, 2378, 3823]
12059	[3013, 877, 6353, 9690, 8621]
12065	[3895, 6153, 4115, 2136, 6172]
12073	[717, 9538, 3873, 4998, 8333]
12075	[7400, 8728, 1443, 9244, 265]
12083	[6347, 9795, 2073, 8661, 7572]
12090	[2604, 3979, 6083, 9723, 9298]
12092	[1707, 3731, 6197, 2692, 2602]
12101	[2845, 6298, 1402, 4634, 5636]
12106	[2626, 5977, 1538, 7566, 4063]
12112	[4633, 7925, 1165, 7578, 8356]
12116	[6096, 7221, 5537, 8706, 6627]
12118	[7343, 2727, 5249, 3259, 1219]
12124	[3004, 5082, 9243, 2569, 7664]
12126	[7414, 5553, 672, 9257, 6752]
12130	[3021, 3782, 4644, 3281, 185]
12135	[7375, 717, 2228, 6511, 2270]
12139	[7773, 3059, 1980, 9350, 5503]
12141	[9239, 6349, 3014, 3730, 1039]
12143	[6599, 7797, 196, 2824, 8314]
12144	[7794, 423, 1709, 9074, 4974]
12149	[2373, 9377, 7863, 7021, 6782]
12158	[3936, 1887, 3749, 4613, 2504]
12160	[7936, 6213, 452, 7376, 6875]
12167	[1871, 390, 22, 1541, 2803]
12173	[3674, 8701, 5995, 3007, 9329]
12179	[1887, 5430, 6522, 7622, 8894]
12182	[9677, 5305, 470, 249, 9429]
12183	[4015, 2360, 4030, 9953, 8307]
12187	[2920, 6054, 4949, 6333, 1925]
12188	[6828, 1746, 8839, 8346, 2011]
12190	[5179, 8364, 6554, 102, 84]
12195	[6594, 5188, 4792, 7618, 2266]
12199	[7582, 6070, 8283, 8061, 1902]
12200	[9647, 5319, 5549, 529, 840]
12202	[7980, 3350, 2047, 7314, 6852]
12214	[4782, 4423, 5258, 9751, 7982]
12216	[473, 3636, 5233, 8276, 4315]
12219	[2301, 2150, 9725, 8615, 40]
12224	[2677, 9883, 3085, 7008, 1203]
12226	[6439, 2770, 2268, 2789, 9788]
12227	[1606, 3912, 3936, 1553, 198]
12228	[3066, 4153, 361, 2521, 9265]
12230	[3040, 2039, 6461, 7087, 2942]
12232	[9213, 6251, 2078, 3067, 8118]
12238	[4681, 7708, 334, 4077, 8663]
12246	[9471, 5436, 4901, 5430, 3152]
12255	[5929, 2166, 6089, 9926, 7827]
12267	[8526, 1723, 2249, 1385, 2476]
12268	[9901, 6883, 3033, 1481, 6500]
12271	[7209, 1989, 6124, 7353, 3964]
12280	[7628, 3880, 654, 9903, 1541]
12283	[8829, 8388, 7659, 2232, 2851]
12288	[4943, 6201, 5009, 1900, 3000]
12293	[7450, 674, 3519, 7530, 685]
12298	[370, 6496, 9769, 2875, 5585]
12301	[504, 3776, 3689, 2805, 1757]
12311	[5812, 9248, 5192, 5846, 5116]
12322	[2697, 5773, 7708, 4526, 5706]
12332	[3902, 522, 322, 926, 155]
12333	[4006, 6560, 5306, 5553, 6142]
12338	[9231, 1116, 7735, 2702, 9805]
12340	[643, 1986, 2045, 6172, 2977]
12343	[4362, 9511, 3306, 1843, 4452]
12348	[5044, 4646, 3670, 7616, 8820]
12349	[5516, 4057, 8501, 5305, 5744]
12360	[1044, 7958, 7844, 6835, 8997]
12364	[8884, 6246, 996, 3284, 1595]
12370	[5856, 1579, 9429, 6686, 1399]
12374	[9379, 9468, 7465, 8626, 6026]
12375	[9691, 379, 3963, 3028, 381]
12379	[866, 6585, 6300, 1932, 591]
12381	[4410, 9328, 2870, 7045, 4833]
12385	[2249, 272, 2802, 3477, 3092]
12386	[4615, 9126, 929, 5297, 2835]
12388	[1887, 3229, 1384, 8404, 6751]
12390	[1727, 2262, 9539, 1547, 6346]
12392	[2575, 1532, 6409, 6858, 697]
12398	[2145, 6206, 2129, 8770, 1901]
12411	[6715, 3691, 8169, 9086, 3283]
12419	[8885, 8225, 6033, 2266, 4957]
12423	[9901, 881, 6692, 6330, 1708]
12427	[1328, 874, 6850, 769, 4909]
12429	[7463, 9577, 3347, 5449, 8163]
12432	[3897, 2601, 9515, 6603, 3732]
12440	[5400, 7146, 6044, 9868, 2195]
12449	[8931, 5382, 4013, 4149, 2528]
12455	[9124, 1598, 1181, 3782, 7994]
12457	[5989, 4414, 9669, 7679, 4115]
12459	[7704, 1861, 6358, 8902, 6314]
12460	[5362, 7548, 4272, 4156, 9264]
12461	[2284, 5014, 8763, 3905, 7573]
12463	[3229, 1887, 1384, 8404, 7416]
12467	[4175, 9218, 2249, 4779, 5235]
12470	[53, 9379, 6403, 3019, 2737]
12476	[4006, 51, 6499, 3913, 7336]
12478	[2145, 3002, 1580, 1711, 8945]
12479	[3089, 2573, 2690, 8435, 320]
12482	[5758, 2417, 9117, 1755, 7106]
12491	[6206, 3903, 9885, 261, 1404]
12493	[5467, 8060, 5553, 196, 7783]
12500	[3351, 9243, 6286, 4609, 8397]
12501	[3013, 9571, 3973, 1056, 5188]
12502	[8750, 9697, 2417, 241, 3399]
12504	[7566, 1357, 5584, 2626, 5185]
12506	[1351, 8438, 3135, 9379, 2890]
12514	[4006, 40, 6560, 8714, 9473]
12516	[3364, 1050, 4838, 1602, 6823]
12520	[4246, 5333, 7865, 6922, 2455]
12527	[8886, 1925, 697, 9935, 4882]
12530	[4901, 1009, 2186, 9805, 6415]
12533	[2621, 6321, 4974, 6693, 1917]
12544	[1964, 6773, 7530, 1373, 941]
12563	[7228, 5479, 2046, 2866, 1141]
12580	[207, 9631, 5335, 1049, 3633]
12581	[1887, 3229, 1384, 1900, 7416]
12585	[2726, 6585, 7365, 1800, 2314]
12587	[308, 9898, 8873, 9096, 1815]
12594	[1800, 7365, 540, 142, 1210]
12607	[5422, 2338, 2034, 3585, 2314]
12608	[6160, 1032, 4492, 3811, 8843]
12615	[8163, 6806, 3382, 1936, 7451]
12627	[1580, 2338, 5422, 4870, 1630]
12630	[6031, 1075, 2055, 2790, 7992]
12638	[6413, 311, 979, 7170, 6104]
12640	[3210, 4677, 7865, 8910, 9718]
12650	[8227, 4980, 9699, 9162, 9434]
12656	[6258, 5094, 4617, 4494, 9322]
12657	[5547, 595, 8130, 4792, 2559]
12659	[2543, 1410, 1541, 6815, 2489]
12660	[379, 2419, 1064, 5688, 7417]
12661	[3797, 9773, 3659, 7234, 8827]
12664	[8549, 8634, 4460, 4096, 4315]
12670	[9494, 5957, 178, 8755, 1384]
12671	[8692, 222, 9569, 1374, 5812]
12681	[3254, 844, 9443, 7843, 3163]
12684	[6816, 7756, 4859, 5868, 8914]
12686	[2691, 256, 3463, 4837, 9676]
12688	[70, 5215, 452, 3055, 582]
12700	[284, 2166, 749, 6573, 7154]
12703	[7122, 7365, 5584, 1630, 8060]
12705	[3062, 6592, 9885, 7356, 876]
12707	[6096, 8706, 5537, 6627, 7066]
12708	[6408, 8141, 9301, 8855, 3445]
12712	[2077, 8281, 3161, 9445, 3115]
12713	[7848, 3148, 6066, 3535, 8507]
12718	[5387, 7683, 3691, 3727, 6715]
12719	[836, 5553, 9589, 8439, 6971]
12720	[8995, 6930, 5232, 7635, 6847]
12723	[7528, 272, 709, 7059, 8762]
12727	[2308, 9690, 2559, 5592, 7239]
12737	[3992, 5438, 9144, 8959, 2524]
12741	[2449, 911, 451, 7845, 4621]
12758	[7586, 1050, 3364, 1293, 9928]
12773	[8886, 697, 6032, 4882, 7730]
12780	[3328, 5293, 3702, 2968, 7630]
12783	[3768, 9609, 2984, 2870, 6039]
12784	[7122, 2338, 4793, 3259, 3552]
12788	[4888, 6053, 7887, 9997, 2414]
12790	[8161, 2906, 8973, 6059, 9044]
12798	[9707, 8153, 2134, 5927, 2108]
12799	[9111, 6660, 5000, 8575, 1493]
12813	[6538, 5516, 9445, 431, 4351]
12818	[5968, 4196, 9956, 7487, 1860]
12819	[4854, 8726, 7942, 1687, 3005]
12820	[1293, 8438, 6447, 1608, 6831]
12830	[1742, 7372, 8332, 4464, 1815]
12837	[7367, 7827, 8662, 7006, 6260]
12840	[3013, 877, 9571, 3115, 7303]
12842	[3252, 6755, 2856, 5335, 6854]
12853	[338, 5336, 4390, 9805, 5339]
12855	[1322, 7942, 2270, 4172, 1103]
12857	[7251, 3510, 6469, 538, 7132]
12858	[5750, 9716, 1520, 2401, 8757]
12865	[6029, 3428, 2787, 572, 4765]
12873	[9407, 4568, 4573, 3974, 1021]
12880	[3507, 62, 1068, 3361, 5152]
12883	[9453, 5270, 9812, 7754, 4205]
12884	[7225, 9925, 7275, 5313, 5551]
12887	[2795, 7520, 2197, 3233, 2080]
12891	[4686, 6962, 9778, 7718, 2179]
12892	[5758, 6071, 5984, 4942, 143]
12894	[1855, 957, 6968, 1128, 4492]
12899	[7865, 8910, 4562, 4677, 3210]
12902	[8283, 5132, 1296, 6070, 6929]
12904	[6690, 792, 4349, 5357, 3048]
12905	[9770, 2270, 4602, 7459, 5646]
12906	[6799, 5501, 3449, 5734, 6865]
12907	[5553, 4006, 9609, 301, 9682]
12911	[5856, 6980, 6850, 662, 8006]
12915	[961, 940, 4361, 86, 977]
12918	[2052, 6699, 5809, 5084, 3627]
12921	[2080, 6367, 6288, 1980, 1322]
12926	[6731, 262, 2129, 8476, 2625]
12931	[2367, 2921, 7769, 4271, 9175]
12938	[431, 6850, 3905, 103, 1579]
12941	[4651, 8289, 6633, 7174, 9899]
12946	[5336, 5375, 8670, 1724, 4009]
12949	[3053, 9233, 3215, 3613, 1984]
12952	[4017, 5595, 7443, 1765, 5308]
12953	[7227, 3231, 7349, 8919, 9520]
12954	[8244, 9259, 554, 3860, 4557]
12956	[5557, 9198, 5773, 5301, 6246]
12957	[1955, 2098, 7895, 380, 973]
12964	[29, 3467, 233, 9232, 6808]
12965	[9071, 5566, 374, 2470, 8976]
12967	[3338, 1582, 9106, 9941, 4887]
12972	[2406, 705, 7007, 6187, 5833]
12976	[6850, 431, 8006, 9773, 3584]
12977	[980, 7546, 3340, 4138, 7809]
12982	[5010, 5540, 5700, 1136, 8116]
12991	[2708, 4432, 3495, 1151, 7566]
12996	[6847, 8995, 7397, 308, 9403]
12999	[3206, 6008, 7218, 1535, 6224]
13008	[9620, 7141, 1554, 6552, 5624]
13011	[1871, 9338, 6800, 8730, 4883]
13014	[563, 6739, 2782, 2375, 9400]
13018	[4303, 8567, 5131, 3732, 7017]
13019	[6769, 3527, 7671, 1774, 1501]
13040	[9310, 6122, 207, 9703, 2353]
13044	[8362, 7193, 3347, 3615, 3320]
13049	[4006, 6560, 6756, 2871, 1991]
13053	[9538, 6516, 6367, 4469, 1322]
13055	[1279, 9500, 1141, 9548, 5179]
13057	[9451, 5977, 256, 7080, 6776]
13061	[8369, 271, 5352, 8744, 7362]
13072	[5954, 2185, 673, 1994, 4085]
13078	[1887, 3229, 1384, 1900, 7910]
13082	[2096, 9204, 5119, 5045, 1960]
13088	[6854, 3513, 1723, 806, 8322]
13094	[5558, 4458, 4092, 6588, 4221]
13112	[9465, 1982, 1410, 2515, 5288]
13113	[6850, 431, 8006, 9773, 3584]
13115	[3537, 8641, 2161, 3255, 859]
13116	[6971, 3936, 4609, 9168, 5417]
13122	[6806, 857, 3799, 1219, 6219]
13123	[2627, 8711, 921, 8497, 5164]
13125	[1802, 8910, 7721, 7749, 5007]
13130	[8868, 3568, 2797, 4120, 1309]
13132	[6155, 8121, 1461, 8272, 9783]
13136	[9802, 6972, 1831, 7016, 8661]
13137	[1782, 4669, 7715, 9481, 3701]
13138	[3494, 1080, 486, 8651, 3194]
13147	[2687, 6312, 6641, 494, 5560]
13154	[9821, 421, 3256, 6984, 8633]
13160	[9037, 5898, 6295, 999, 4592]
13162	[2096, 4894, 6136, 5045, 4698]
13169	[2826, 9826, 3766, 9941, 2291]
13171	[3252, 6755, 2856, 6251, 6991]
13173	[3520, 567, 5361, 3464, 3635]
13177	[4259, 9003, 1284, 3496, 5059]
13178	[1920, 2822, 5985, 6049, 5350]
13181	[8866, 2781, 1742, 1260, 5197]
13184	[261, 1201, 9885, 1404, 9779]
13185	[1044, 8997, 3686, 2088, 8160]
13192	[9985, 5717, 4792, 6217, 6371]
13193	[3190, 9973, 5776, 7445, 4165]
13198	[6690, 1371, 7881, 3484, 2201]
13203	[7388, 1013, 3457, 7657, 5710]
13204	[8973, 9872, 7378, 9421, 9343]
13206	[6266, 7486, 3346, 5050, 6370]
13211	[7117, 1143, 1542, 5038, 5553]
13215	[163, 9004, 2421, 9801, 4639]
13216	[4559, 6532, 7460, 3962, 7125]
13219	[5179, 8992, 9500, 6531, 9238]
13224	[7225, 7918, 2249, 2049, 5363]
13233	[8163, 5449, 3014, 8686, 1771]
13234	[7664, 2121, 8199, 9980, 2654]
13235	[9749, 2108, 923, 1564, 4167]
13237	[5138, 9508, 8787, 244, 2784]
13239	[375, 1963, 3348, 9137, 722]
13243	[6343, 3073, 9260, 8946, 6908]
13245	[2284, 7763, 3008, 8180, 7715]
13257	[4202, 9642, 4442, 7043, 3203]
13265	[7863, 4215, 9571, 7313, 4169]
13267	[7300, 876, 6577, 8084, 5362]
13270	[7962, 4255, 1579, 4459, 7995]
13280	[6329, 768, 7563, 2787, 3596]
13286	[9680, 7958, 8065, 1000, 44]
13290	[8583, 1322, 1991, 6632, 3167]
13300	[2696, 5177, 2200, 315, 7442]
13301	[2142, 3742, 6522, 9037, 621]
13304	[1357, 7784, 1646, 240, 1282]
13307	[1210, 556, 5226, 5326, 1219]
13308	[8088, 2775, 6601, 6670, 1592]
13309	[6665, 2801, 9751, 9154, 1147]
13319	[1207, 2893, 2396, 2948, 6872]
13320	[2602, 4915, 5812, 1309, 8360]
13323	[8616, 7459, 1352, 8148, 6199]
13326	[255, 5107, 6279, 5653, 991]
13347	[2786, 9221, 5584, 8621, 9338]
13357	[2454, 805, 1370, 1894, 5764]
13359	[6938, 8446, 8594, 355, 3780]
13363	[9892, 5710, 6143, 9052, 1953]
13367	[4767, 8871, 2391, 7901, 285]
13369	[3718, 1998, 5014, 8649, 2940]
13373	[6383, 5014, 4725, 7775, 3269]
13381	[1771, 3067, 9213, 1554, 6254]
13383	[9171, 732, 4500, 8955, 4589]
13398	[3674, 9883, 1862, 8371, 3425]
13400	[7949, 251, 9812, 3243, 1687]
13406	[1019, 6231, 2207, 3010, 3606]
13413	[8660, 7166, 9802, 6906, 6319]
13419	[8452, 4446, 525, 6132, 4637]
13422	[8180, 3008, 6850, 431, 3797]
13431	[5417, 4469, 5430, 2795, 5531]
13433	[504, 3776, 3340, 2805, 3689]
13434	[1979, 873, 3137, 2288, 7910]
13436	[308, 9522, 2472, 7291, 7880]
13446	[2605, 149, 6954, 2897, 3939]
13449	[8423, 8082, 7080, 5524, 9322]
13451	[1293, 4133, 8012, 5239, 4775]
13471	[4006, 6059, 6560, 6756, 2383]
13474	[7335, 5159, 4100, 5221, 2051]
13476	[3119, 5390, 3680, 6309, 7213]
13478	[5498, 6776, 3916, 4599, 307]
13480	[8523, 5574, 4500, 937, 1018]
13481	[4894, 9527, 1960, 6136, 5181]
13502	[5547, 6321, 595, 9, 8442]
13506	[9947, 9213, 3067, 1354, 4595]
13508	[8322, 6854, 7036, 2133, 7561]
13521	[7027, 5465, 7082, 3117, 7349]
13524	[6850, 431, 1873, 7995, 9773]
13527	[591, 5644, 2835, 8228, 3641]
13528	[1455, 7494, 7507, 5175, 6784]
13530	[5237, 5262, 9302, 855, 7086]
13533	[6850, 431, 7995, 7574, 4730]
13541	[170, 5073, 5051, 8087, 8899]
13545	[9494, 178, 5957, 8404, 198]
13548	[1741, 142, 3746, 9338, 4063]
13554	[7744, 2856, 2602, 3731, 1639]
13556	[7732, 136, 1703, 3338, 2792]
13564	[9972, 1980, 9557, 6761, 1046]
13568	[3060, 7020, 6618, 9225, 4217]
13576	[836, 8439, 8656, 2150, 3268]
13584	[1322, 7942, 2270, 4172, 8387]
13589	[4987, 466, 8327, 261, 7979]
13595	[1056, 9961, 8641, 3517, 4520]
13612	[9807, 5940, 3552, 8966, 8793]
13616	[582, 5040, 8691, 9935, 961]
13631	[9412, 5931, 5956, 7857, 4534]
13632	[6638, 1810, 7714, 1826, 4391]
13638	[1614, 8993, 7827, 2935, 2372]
13652	[6331, 2764, 1498, 8686, 7718]
13660	[881, 4802, 4269, 5893, 5865]
13663	[2093, 5275, 4115, 5863, 7221]
13665	[6253, 2124, 7080, 7949, 9225]
13666	[7610, 4631, 3458, 19, 4637]
13674	[1645, 778, 4086, 2057, 5503]
13676	[3298, 8411, 2951, 998, 3356]
13678	[4362, 4382, 5339, 1857, 8051]
13679	[4494, 1982, 1410, 3063, 6664]
13696	[3713, 831, 8459, 4312, 5348]
13699	[3342, 6815, 9603, 5025, 5351]
13700	[3674, 8701, 3007, 5995, 8371]
13706	[5844, 3859, 219, 6070, 8411]
13707	[7016, 3798, 471, 5329, 1122]
13709	[5534, 6178, 2825, 508, 6767]
13712	[6773, 2062, 3777, 6556, 6693]
13716	[7365, 3429, 5550, 8060, 591]
13719	[7968, 1813, 1730, 9089, 4568]
13721	[7708, 1033, 1150, 3284, 6080]
13722	[1968, 422, 7450, 3016, 3581]
13723	[1293, 2566, 1877, 1995, 3364]
13724	[3490, 5153, 632, 9432, 6350]
13727	[4072, 2445, 2787, 6812, 711]
13728	[8616, 6421, 9050, 5153, 8949]
13729	[3281, 7608, 5110, 2543, 9786]
13735	[6850, 431, 3797, 103, 1677]
13743	[8244, 3261, 2966, 1128, 8035]
13752	[5374, 8707, 680, 1456, 1266]
13753	[4736, 4354, 9065, 5444, 8527]
13755	[1293, 2566, 1877, 2541, 5382]
13762	[2674, 9883, 8701, 3674, 1862]
13763	[8805, 5836, 1160, 6739, 3677]
13767	[4093, 9087, 7607, 8422, 3783]
13771	[4897, 1463, 2404, 2879, 6833]
13775	[5335, 207, 7190, 2715, 4726]
13787	[3545, 8476, 940, 6581, 5338]
13790	[9658, 4413, 6016, 1550, 1417]
13791	[6331, 7362, 3661, 8163, 6849]
13792	[6838, 4871, 9914, 7424, 6964]
13795	[7603, 9222, 1489, 5238, 9571]
13805	[7146, 9519, 2195, 3873, 8532]
13807	[9627, 6189, 251, 3585, 8621]
13808	[5145, 255, 4816, 7599, 1390]
13811	[8779, 9493, 8182, 3001, 3376]
13822	[5558, 6588, 3895, 2752, 3840]
13824	[4015, 4030, 5149, 8295, 3400]
13825	[2249, 2426, 6522, 3448, 9286]
13828	[6850, 431, 8827, 9773, 3584]
13835	[4139, 4893, 5059, 7932, 710]
13837	[7086, 5237, 5262, 1861, 6796]
13841	[9905, 3013, 877, 6980, 9571]
13843	[1256, 2952, 1511, 5900, 4227]
13849	[3233, 4158, 4894, 7161, 6722]
13858	[5198, 6911, 3637, 7855, 3216]
13861	[9480, 983, 3408, 9796, 9511]
13866	[2259, 289, 6883, 9037, 5289]
13881	[2800, 3979, 3090, 9193, 3084]
13883	[6499, 3913, 7336, 3465, 51]
13889	[1293, 3364, 1050, 416, 8459]
13891	[9668, 1242, 1342, 5685, 5251]
13892	[6690, 5087, 7881, 5071, 4349]
13897	[7225, 851, 2466, 7352, 6751]
13901	[1632, 6800, 5776, 4450, 3641]
13906	[2920, 1531, 4812, 5533, 7878]
13909	[6316, 4657, 5339, 5271, 7949]
13916	[1955, 2098, 4679, 7895, 380]
13924	[6403, 5219, 7354, 7016, 53]
13944	[836, 8439, 4572, 2150, 8656]
13948	[2691, 6414, 3463, 1290, 53]
13950	[5247, 4458, 2309, 8886, 578]
13953	[8206, 4420, 5190, 3359, 5231]
13954	[8988, 3617, 1805, 160, 7407]
13955	[1384, 4613, 198, 8991, 9494]
13961	[6947, 7996, 4645, 4120, 9587]
13962	[3329, 107, 474, 4464, 8618]
13971	[2284, 5014, 2290, 7763, 6535]
13979	[2989, 5465, 4464, 8195, 2145]
13994	[6989, 7301, 4003, 6633, 7704]
14005	[8246, 5873, 6444, 5213, 9727]
14008	[83, 809, 3656, 9976, 3291]
14017	[2687, 4837, 146, 256, 6969]
14022	[4478, 4352, 7790, 4885, 2945]
14026	[8069, 4616, 3641, 1412, 1632]
14035	[125, 4369, 6254, 7588, 5143]
14038	[9679, 503, 7054, 1598, 4450]
14039	[2981, 3664, 786, 69, 3694]
14040	[4320, 8540, 3116, 3924, 3765]
14041	[1384, 9825, 198, 376, 8698]
14053	[7827, 8662, 2414, 8188, 7995]
14055	[6461, 3372, 7603, 2478, 4966]
14067	[5828, 5873, 5203, 977, 1676]
14081	[60, 7423, 6611, 1559, 1394]
14085	[3641, 4616, 9338, 2835, 929]
14088	[4991, 9614, 7679, 953, 4231]
14091	[504, 3776, 2805, 3689, 3340]
14092	[7469, 2836, 2035, 8410, 1777]
14099	[7126, 8163, 7643, 3665, 5449]
14101	[2284, 1998, 7775, 5107, 8075]
14104	[879, 1359, 1542, 4104, 4299]
14105	[6862, 1279, 2488, 7314, 1281]
14111	[6070, 6929, 8283, 1745, 1902]
14118	[4681, 8944, 7708, 7863, 5557]
14136	[1645, 5815, 5433, 5390, 8287]
14137	[8227, 9848, 8766, 3517, 2346]
14138	[1945, 7569, 990, 613, 3278]
14142	[8050, 6109, 8636, 2274, 9167]
14148	[5516, 8094, 3546, 7573, 7757]
14155	[912, 6403, 9898, 6911, 7430]
14156	[6585, 8793, 4263, 9648, 9613]
14158	[3060, 8345, 5377, 7095, 7980]
14163	[8153, 6806, 5583, 4008, 7915]
14167	[5206, 5741, 9045, 2853, 1621]
14173	[5786, 5400, 2195, 3435, 9868]
14178	[8536, 1839, 2141, 2535, 8211]
14184	[9269, 4245, 2602, 4638, 1041]
14186	[6850, 1579, 431, 8682, 1677]
14205	[2439, 8227, 2840, 1876, 2047]
14213	[3590, 7396, 5070, 9522, 9403]
14215	[4890, 5531, 2025, 1531, 4812]
14218	[605, 251, 1501, 8945, 6592]
14223	[7330, 9137, 4708, 6814, 1711]
14225	[5670, 3346, 5925, 262, 5452]
14226	[2355, 1781, 3470, 970, 3069]
14231	[2166, 1614, 8993, 6778, 2644]
14237	[6850, 431, 3797, 103, 9773]
14238	[380, 606, 1104, 8816, 9011]
14243	[6006, 3138, 4522, 2993, 3359]
14248	[1887, 1900, 1384, 3229, 3253]
14261	[3063, 1505, 1982, 4380, 5011]
14263	[9507, 7364, 5400, 6678, 3438]
14276	[8550, 6279, 4351, 2574, 4117]
14281	[8021, 2025, 5188, 9074, 44]
14285	[3134, 5508, 3066, 3730, 1219]
14287	[4006, 6756, 2948, 7489, 1103]
14292	[9124, 3452, 3951, 4035, 5698]
14294	[5314, 8711, 3467, 6529, 3447]
14307	[452, 3314, 497, 582, 2397]
14312	[4286, 6226, 7398, 3156, 380]
14321	[3674, 3936, 5995, 5503, 4217]
14328	[2060, 9140, 2535, 4563, 2134]
14329	[754, 1936, 8665, 5204, 1359]
14332	[6850, 431, 8006, 3584, 9773]
14345	[6536, 2036, 8135, 1478, 4508]
14347	[9210, 7684, 6299, 7396, 6676]
14353	[5449, 3985, 2986, 3665, 8686]
14354	[5856, 5516, 103, 6686, 6850]
14355	[424, 2421, 5616, 8148, 5827]
14359	[4943, 4976, 6201, 5547, 2989]
14364	[6408, 8141, 8855, 3753, 3343]
14367	[3586, 7934, 2176, 1208, 30]
14370	[8987, 4017, 3322, 8279, 560]
14372	[5770, 3919, 5617, 598, 3347]
14374	[7706, 6322, 4654, 8438, 832]
14391	[3307, 2108, 8889, 9825, 9520]
14394	[6273, 4472, 7099, 8352, 8486]
14399	[5089, 4344, 8010, 256, 9206]
14404	[5013, 1293, 6608, 3492, 6221]
14407	[8523, 988, 1313, 5178, 4947]
14408	[1219, 7643, 6331, 4273, 9338]
14409	[6799, 5734, 3449, 3161, 8434]
14410	[4603, 5449, 9577, 3985, 6857]
14412	[6054, 4949, 2920, 7730, 6333]
14413	[3668, 9431, 6450, 7892, 1692]
14414	[4006, 6560, 40, 5964, 2871]
14416	[5132, 6070, 8283, 1902, 1296]
14418	[8318, 8103, 4035, 4965, 9435]
14419	[5335, 2490, 982, 2257, 6854]
14424	[5400, 6044, 2195, 113, 7146]
14437	[5126, 8174, 5718, 6107, 4035]
14444	[6850, 431, 3797, 5305, 9773]
14446	[6678, 7136, 7806, 5132, 2313]
14448	[4604, 4220, 8754, 6415, 2784]
14450	[2546, 5915, 4085, 4735, 4912]
14456	[8555, 2768, 6627, 6252, 9146]
14458	[4483, 4004, 4333, 643, 5460]
14460	[5639, 7994, 9185, 6532, 5160]
14471	[7126, 6937, 857, 8163, 2144]
14474	[5535, 4635, 4130, 8396, 3954]
14493	[6700, 5028, 7810, 7333, 7999]
14497	[4115, 3174, 6145, 588, 8902]
14503	[773, 8510, 6531, 2677, 4868]
14509	[3342, 5025, 5274, 2241, 5351]
14512	[666, 4467, 2483, 3288, 5329]
14517	[4699, 5925, 5922, 3622, 3574]
14520	[5179, 5095, 1279, 5386, 218]
14525	[1510, 1847, 1007, 6932, 5378]
14529	[6029, 2464, 1459, 7607, 3550]
14530	[5367, 7026, 6298, 1402, 9286]
14536	[2984, 5096, 9305, 4602, 9855]
14544	[157, 5288, 5372, 9522, 2266]
14548	[903, 9002, 3228, 2064, 7873]
14551	[5206, 1010, 2517, 7407, 4091]
14558	[6822, 1646, 5776, 4388, 6800]
14559	[5666, 2422, 5460, 876, 5999]
14568	[1789, 3254, 674, 9121, 6685]
14578	[9141, 3431, 169, 1046, 9227]
14584	[8927, 5635, 9609, 7522, 7509]
14587	[5666, 5562, 3668, 7674, 316]
14592	[2581, 7373, 2197, 2538, 1143]
14600	[7526, 3583, 3621, 5557, 1032]
14601	[4469, 5417, 6971, 5430, 9494]
14604	[836, 8439, 6971, 3117, 4006]
14611	[3647, 5758, 2304, 9377, 2634]
14623	[3586, 138, 4166, 7934, 1674]
14624	[53, 1213, 9633, 1762, 466]
14625	[7721, 730, 1179, 7954, 7749]
14634	[5262, 5237, 2318, 2790, 855]
14636	[3972, 6634, 8007, 4246, 3195]
14637	[1980, 4337, 7765, 6235, 6852]
14642	[5744, 6170, 9605, 5736, 1659]
14645	[2339, 5869, 5002, 6353, 5524]
14648	[3159, 8326, 1542, 9571, 1079]
14651	[2219, 3732, 2503, 2601, 6364]
14664	[6349, 1585, 3057, 6606, 6800]
14665	[9004, 9588, 3765, 8126, 5188]
14667	[4758, 4639, 810, 4705, 1869]
14669	[6773, 3457, 9431, 1013, 4379]
14671	[4609, 5430, 6751, 8586, 5531]
14672	[6755, 3252, 2856, 6991, 6251]
14674	[8404, 4568, 6755, 3252, 8371]
14692	[6980, 9832, 6902, 3890, 5503]
14694	[6096, 7221, 5537, 8706, 6627]
14698	[7785, 6783, 5706, 6248, 604]
14703	[4264, 5356, 9461, 9868, 4035]
14709	[6682, 352, 111, 4541, 514]
14712	[9588, 4591, 8688, 3494, 9004]
14724	[2284, 5014, 1601, 2290, 6039]
14727	[2073, 2032, 8661, 8291, 5206]
14731	[8294, 2651, 7908, 9351, 980]
14734	[7060, 4129, 2086, 8693, 1367]
14735	[9480, 9324, 4792, 6783, 6031]
14765	[8327, 261, 1404, 6206, 9779]
14769	[5142, 4611, 3107, 874, 7710]
14772	[1366, 8171, 5017, 965, 8689]
14775	[5402, 7749, 4079, 2355, 7499]
14791	[3407, 2923, 1729, 4030, 4821]
14793	[2853, 4917, 5772, 4259, 5533]
14795	[2166, 7326, 8993, 6969, 2425]
14797	[5558, 6588, 5405, 5247, 8981]
14802	[7585, 8067, 4624, 9779, 2846]
14803	[3688, 4424, 7016, 2038, 4644]
14806	[6245, 8337, 5865, 1136, 2269]
14812	[504, 3776, 3689, 2805, 1120]
14814	[5069, 2170, 6494, 7672, 8153]
14819	[4093, 9087, 8422, 7607, 6174]
14822	[5414, 1189, 201, 9337, 6576]
14824	[5889, 7285, 1139, 3674, 2677]
14829	[4497, 807, 4468, 9792, 606]
14832	[9257, 1086, 9481, 2029, 7303]
14833	[307, 4432, 9171, 4750, 9338]
14835	[6693, 1013, 1693, 5710, 4060]
14839	[551, 8495, 8392, 3154, 8927]
14842	[5553, 5430, 9494, 198, 6229]
14844	[1980, 4337, 4915, 7765, 8147]
14845	[7005, 817, 2326, 4878, 5981]
14850	[9407, 2599, 7979, 3035, 373]
14852	[7146, 8627, 1633, 8714, 5673]
14862	[4688, 2455, 2318, 9187, 9191]
14868	[4379, 9316, 9037, 7026, 3425]
14869	[9074, 6383, 8682, 1270, 8827]
14870	[3364, 1050, 2711, 1293, 6192]
14882	[427, 8126, 7351, 8207, 7735]
14885	[5417, 4469, 5430, 6971, 5478]
14887	[8092, 5509, 5348, 4990, 2318]
14891	[4312, 1582, 2196, 778, 9712]
14893	[1774, 7671, 6769, 3527, 1171]
14900	[5101, 2921, 7098, 7026, 7275]
14901	[1929, 3458, 2643, 8850, 7729]
14904	[2952, 9676, 256, 9395, 1581]
14909	[1979, 3672, 6141, 1416, 498]
14922	[179, 2367, 1644, 8411, 8362]
14932	[7126, 9971, 3942, 1414, 1650]
14936	[1033, 8126, 5782, 1572, 9004]
14945	[8235, 2215, 1076, 5100, 2077]
14951	[3233, 7161, 3355, 3365, 9949]
14954	[7187, 5822, 6837, 4866, 2805]
14963	[5389, 936, 3957, 4131, 249]
14965	[5339, 701, 1511, 1143, 4807]
14969	[2795, 7373, 9257, 5430, 1542]
14976	[9141, 4654, 2610, 9382, 9227]
14978	[6988, 8126, 9665, 7609, 1979]
14981	[8220, 4337, 4496, 6852, 1116]
14986	[8163, 361, 6806, 3382, 1508]
14999	[4694, 5048, 4728, 9933, 5810]
15003	[3935, 2631, 3494, 4521, 9353]
15004	[9518, 1311, 9113, 4840, 3673]
15006	[7272, 6699, 8556, 2853, 9493]
15007	[9240, 7427, 6960, 1217, 9599]
15009	[7122, 391, 8949, 1686, 1458]
15017	[3402, 6573, 3811, 3381, 6539]
15018	[8054, 1193, 1279, 1463, 9645]
15021	[9000, 277, 8121, 6155, 9801]
15028	[6191, 1702, 3578, 6387, 1198]
15029	[2442, 1826, 8072, 4391, 3702]
15041	[459, 2175, 2471, 2556, 9183]
15048	[3281, 2543, 9786, 4213, 8799]
15054	[9779, 7117, 3765, 5430, 1143]
15058	[2849, 4335, 615, 1246, 2581]
15060	[4788, 8629, 7271, 5296, 9008]
15069	[591, 6585, 6599, 8730, 2824]
15075	[3663, 9434, 7968, 7910, 5574]
15076	[8302, 3270, 183, 8983, 8261]
15078	[5637, 1593, 6475, 8182, 5454]
15080	[7073, 5972, 92, 347, 1070]
15083	[3919, 5306, 4545, 9020, 8823]
15085	[8126, 6988, 2219, 6603, 6840]
15087	[2574, 4351, 6850, 5864, 7715]
15092	[6329, 8061, 6470, 9756, 6131]
15095	[3749, 9519, 9522, 3668, 290]
15105	[9465, 1982, 1410, 1081, 3888]
15107	[8730, 3837, 268, 4921, 6716]
15110	[2621, 6321, 6693, 4974, 1917]
15113	[978, 9048, 8809, 3174, 1041]
15120	[2204, 3154, 3759, 5105, 7673]
15124	[7873, 7730, 663, 3670, 7665]
15129	[1828, 1848, 6441, 9315, 271]
15137	[6077, 151, 6436, 5259, 4367]
15148	[4900, 529, 8426, 478, 5170]
15152	[7387, 6436, 7752, 8953, 9658]
15163	[8126, 6988, 1030, 6840, 2219]
15175	[2817, 1441, 9062, 8983, 5243]
15178	[5927, 2730, 7272, 1933, 14]
15182	[6234, 7863, 7708, 5002, 7874]
15184	[3468, 3208, 7829, 8264, 1528]
15187	[4852, 9208, 9183, 3570, 2462]
15205	[5186, 307, 5089, 251, 5506]
15210	[1489, 1733, 4316, 7428, 4568]
15214	[3299, 53, 8648, 679, 107]
15222	[1541, 5465, 3191, 5007, 3991]
15232	[8227, 5947, 5957, 975, 8242]
15235	[1771, 9477, 1583, 6625, 8594]
15236	[5934, 1546, 9648, 8595, 2514]
15242	[2840, 8227, 8874, 2431, 8313]
15247	[1887, 3229, 1384, 8404, 1003]
15250	[4156, 4645, 3089, 6429, 2978]
15254	[3784, 4541, 9471, 4216, 6176]
15261	[1547, 7390, 3815, 5092, 5625]
15263	[2687, 5560, 494, 8423, 256]
15271	[1593, 4116, 6958, 7784, 9451]
15278	[8523, 988, 1313, 9358, 4947]
15284	[5237, 7086, 5262, 6796, 6064]
15287	[2626, 7797, 2338, 9698, 9451]
15290	[5598, 7960, 8112, 3364, 5432]
15298	[9417, 9824, 3119, 3896, 8337]
15300	[3112, 719, 6917, 7515, 3536]
15302	[7663, 2626, 4432, 7566, 1357]
15304	[9273, 2318, 8526, 877, 9206]
15310	[2505, 2677, 2291, 4572, 7890]
15331	[9747, 6432, 7846, 782, 357]
15334	[2881, 136, 5411, 2517, 1326]
15336	[4116, 1593, 4963, 3610, 6322]
15337	[1845, 1853, 8371, 9648, 9303]
15340	[3784, 4541, 9471, 4216, 8718]
15345	[9679, 7054, 1598, 5399, 503]
15348	[9668, 1242, 1342, 1881, 8820]
15352	[5619, 5127, 1136, 6794, 6751]
15353	[4633, 1165, 7578, 1410, 7925]
15362	[6850, 431, 3584, 4166, 6980]
15365	[7610, 6003, 7536, 2566, 369]
15368	[3014, 3237, 504, 5733, 982]
15369	[9004, 2654, 8771, 9588, 2547]
15373	[7972, 4379, 7548, 4454, 2329]
15377	[461, 659, 553, 924, 4155]
15380	[4894, 3032, 5045, 9527, 4698]
15381	[2145, 2086, 4906, 7060, 5614]
15385	[1523, 7980, 3350, 9487, 7314]
15397	[7161, 1405, 5076, 3485, 9779]
15399	[7193, 670, 4567, 7679, 9756]
15401	[6679, 8012, 4135, 4013, 11]
15408	[3919, 6433, 6570, 9577, 3066]
15410	[3364, 1050, 2277, 6877, 7039]
15411	[4469, 5417, 6971, 5430, 9494]
15420	[3515, 4556, 9443, 899, 7741]
15421	[7608, 5110, 7255, 3128, 9262]
15431	[9271, 1274, 8294, 1931, 7978]
15434	[3957, 6807, 7266, 9798, 452]
15436	[8021, 5645, 4353, 3814, 298]
15439	[836, 8439, 2150, 8656, 7631]
15442	[4259, 5405, 5029, 4458, 8350]
15449	[3483, 3883, 3527, 3998, 7997]
15455	[2800, 1857, 8136, 4533, 3979]
15457	[4888, 1045, 5561, 5076, 8066]
15461	[3252, 2856, 2602, 5812, 1309]
15474	[6573, 3402, 2072, 3741, 3511]
15476	[2661, 5465, 2209, 1789, 3277]
15478	[1887, 3229, 1384, 1900, 3672]
15479	[4094, 9721, 313, 2271, 8614]
15485	[7113, 8139, 2832, 2786, 1464]
15491	[6250, 5228, 2468, 1058, 4376]
15494	[1642, 4384, 9909, 2772, 5304]
15498	[2233, 7962, 6668, 9907, 7785]
15503	[7073, 1411, 4777, 5590, 6733]
15505	[1575, 1293, 2950, 4775, 2182]
15514	[3490, 5465, 9681, 8896, 6133]
15529	[8700, 3786, 1118, 9548, 2615]
15533	[7080, 8475, 4917, 8303, 9581]
15539	[7440, 7064, 5248, 5359, 5155]
15541	[2621, 6321, 4974, 6693, 608]
15542	[1765, 7443, 303, 2404, 7936]
15547	[5558, 6588, 5029, 2752, 3840]
15553	[2161, 4234, 3481, 903, 7359]
15562	[4386, 543, 1982, 3063, 3241]
15563	[1501, 605, 1687, 7187, 4114]
15567	[427, 4586, 3242, 4381, 4833]
15570	[2145, 262, 53, 3305, 175]
15573	[421, 3233, 7161, 3884, 4516]
15580	[3883, 4231, 8398, 8377, 4832]
15622	[6850, 431, 6039, 3797, 9571]
15625	[9537, 7866, 1325, 2931, 4685]
15627	[7117, 5161, 7342, 4942, 4602]
15628	[4462, 7824, 6469, 9636, 6062]
15635	[4094, 2271, 313, 9721, 8773]
15655	[4379, 4217, 78, 7388, 1534]
15659	[3449, 6827, 4351, 356, 431]
15660	[4167, 8992, 6964, 6257, 5676]
15662	[6769, 3527, 3883, 6630, 3483]
15669	[2806, 6042, 1731, 288, 2192]
15672	[709, 2374, 8732, 4051, 8471]
15676	[9354, 757, 5107, 6403, 2931]
15680	[9182, 2719, 4844, 7046, 3333]
15682	[1632, 4883, 6800, 1219, 9338]
15688	[9081, 2611, 4325, 2735, 1859]
15691	[2402, 5209, 4350, 2112, 9539]
15699	[4397, 9171, 6598, 7769, 7082]
15701	[5518, 8897, 5079, 6938, 5244]
15714	[5920, 2875, 9317, 9762, 1332]
15736	[3298, 609, 3269, 2965, 998]
15741	[2569, 1531, 678, 9992, 3056]
15748	[6372, 3059, 1980, 8503, 7773]
15751	[4264, 9323, 6153, 4590, 2991]
15752	[6441, 6986, 271, 7609, 5799]
15755	[4365, 9456, 9801, 1459, 5782]
15757	[1106, 4339, 4978, 3543, 3207]
15759	[1887, 3229, 1384, 8404, 4609]
15763	[1293, 6595, 2182, 9224, 1575]
15778	[3089, 1868, 3118, 2574, 4156]
15784	[9040, 1472, 1071, 2191, 797]
15796	[5635, 1086, 5310, 1784, 5055]
15813	[4406, 7784, 7739, 7027, 9318]
15820	[879, 374, 2301, 9346, 9696]
15821	[4116, 1593, 9609, 4963, 3610]
15823	[7419, 8407, 8034, 7469, 6225]
15834	[836, 8502, 5776, 8439, 5631]
15837	[1443, 265, 8728, 7400, 9244]
15838	[4900, 529, 8426, 5549, 4669]
15839	[1151, 5560, 256, 9975, 4464]
15846	[3992, 9416, 4067, 2240, 4187]
15850	[9678, 4814, 6200, 259, 8897]
15852	[6911, 5964, 2145, 8417, 2434]
15853	[4460, 9655, 5682, 8346, 9338]
15854	[1410, 1982, 9465, 3205, 7433]
15859	[3342, 5025, 5274, 2241, 3371]
15861	[9098, 5991, 6314, 7547, 2905]
15863	[9705, 4613, 3570, 831, 7606]
15866	[473, 8276, 8679, 2569, 5218]
15870	[1584, 749, 1602, 284, 9453]
15871	[6516, 945, 5039, 756, 4469]
15880	[8163, 6806, 9337, 1508, 8686]
15882	[6604, 8769, 2515, 5305, 6550]
15889	[5583, 7442, 1493, 5537, 3732]
15892	[1064, 6665, 1075, 3295, 1400]
15899	[8927, 941, 8179, 8769, 5678]
15901	[361, 9465, 6427, 4748, 4553]
15902	[1488, 3987, 9040, 8332, 6784]
15911	[6850, 431, 5995, 8991, 6039]
15915	[3425, 7363, 8121, 9382, 9972]
15917	[4156, 5407, 0, 3071, 8498]
15919	[9630, 7008, 6535, 9648, 9024]
15926	[6850, 431, 1677, 103, 5856]
15934	[2243, 5977, 8423, 256, 6870]
15942	[7621, 639, 3188, 8679, 660]
15943	[9171, 8539, 1152, 1814, 1240]
15947	[9322, 5767, 324, 551, 8697]
15949	[9335, 7613, 5998, 6068, 4529]
15952	[8255, 1322, 594, 7638, 2080]
15954	[6185, 1076, 9087, 6274, 4358]
15956	[5624, 4281, 2301, 2935, 3513]
15961	[763, 9784, 3392, 8866, 459]
15962	[2170, 5069, 6494, 2497, 7672]
15973	[4758, 4639, 797, 8051, 4491]
15974	[4264, 94, 113, 3231, 7458]
15977	[8122, 3409, 2390, 9200, 9942]
15979	[6434, 4811, 9730, 225, 3054]
15983	[7356, 3860, 9349, 9702, 3774]
15987	[2708, 4837, 5109, 3069, 256]
15988	[2145, 2086, 8770, 6206, 4906]
15992	[4431, 1642, 615, 2679, 1863]
15996	[7420, 6080, 3731, 9000, 498]
16000	[9657, 4754, 333, 1944, 3710]
16002	[8331, 1405, 5781, 5326, 9271]
16006	[5758, 9819, 4942, 7516, 1366]
16015	[4986, 2325, 9581, 5748, 9469]
16026	[1072, 3431, 758, 4646, 709]
16027	[5510, 2968, 2278, 5883, 6938]
16030	[2674, 1384, 6332, 6728, 1641]
16036	[8184, 3551, 9027, 4620, 7495]
16045	[7073, 9555, 5590, 5723, 4777]
16053	[9094, 246, 6794, 8755, 6306]
16054	[1857, 4550, 9293, 2942, 4547]
16056	[8163, 5865, 3585, 3268, 2145]
16057	[5786, 3435, 2519, 1831, 3231]
16061	[1259, 2164, 4191, 6472, 712]
16064	[2714, 9613, 7711, 7478, 2957]
16065	[9985, 1375, 1099, 6004, 5717]
16071	[5074, 7800, 279, 5165, 1295]
16072	[2023, 1296, 6929, 775, 1902]
16077	[1366, 2777, 8689, 965, 3987]
16080	[1347, 6384, 8583, 5325, 8204]
16081	[79, 1398, 9777, 8219, 7923]
16083	[7586, 1050, 2978, 3364, 1293]
16089	[3749, 1488, 9471, 5058, 1887]
16091	[3364, 1050, 6991, 8131, 4871]
16092	[2273, 5741, 7586, 4210, 7016]
16101	[5264, 1338, 3288, 9567, 7941]
16105	[7122, 1630, 692, 8949, 3642]
16109	[7765, 8264, 4582, 6852, 5997]
16111	[2442, 6638, 7914, 1826, 753]
16114	[4172, 4807, 1103, 2181, 2270]
16120	[9171, 6735, 6262, 109, 1348]
16140	[7903, 4094, 1873, 2030, 9220]
16147	[3905, 6850, 431, 877, 3797]
16156	[4534, 8721, 6965, 8372, 72]
16168	[7122, 8060, 1630, 142, 5584]
16171	[5329, 5970, 3637, 5764, 9701]
16181	[3520, 4551, 6439, 9626, 9508]
16183	[1954, 5439, 5351, 118, 8821]
16185	[4013, 7311, 6595, 2856, 1113]
16186	[2644, 7827, 2850, 9347, 8993]
16197	[7865, 8910, 456, 2465, 4562]
16198	[3784, 9471, 4541, 6708, 4216]
16201	[4406, 7027, 6599, 3259, 1646]
16203	[5758, 4942, 4169, 4418, 1849]
16212	[582, 3409, 9200, 254, 70]
16224	[752, 6986, 8262, 6582, 4194]
16228	[3229, 1887, 8404, 1384, 1003]
16245	[7910, 1979, 4208, 3468, 9801]
16246	[5179, 1310, 5554, 8700, 1007]
16252	[167, 3367, 2108, 4021, 9926]
16253	[4911, 5320, 9422, 7590, 1116]
16261	[292, 5240, 2251, 4278, 334]
16265	[7239, 8537, 2503, 6994, 8245]
16269	[8517, 1033, 7915, 9690, 7314]
16272	[6833, 2314, 2710, 2249, 5970]
16275	[5293, 7550, 6872, 1640, 3331]
16291	[1233, 3338, 508, 9736, 2113]
16301	[4363, 3186, 3333, 873, 6603]
16303	[2572, 261, 4109, 9885, 7623]
16306	[9987, 361, 7463, 6331, 3347]
16311	[6516, 2529, 4742, 9437, 5401]
16315	[6296, 2530, 1651, 9524, 7862]
16317	[3833, 3965, 5836, 794, 4047]
16320	[3048, 5590, 9762, 1888, 4777]
16332	[7586, 3364, 1050, 1293, 9928]
16334	[8849, 5354, 8769, 1372, 9195]
16343	[9949, 7150, 1406, 3543, 1790]
16356	[9807, 1991, 2080, 3585, 2556]
16361	[6572, 9471, 3557, 5503, 7699]
16367	[1749, 364, 1245, 5743, 9502]
16369	[2687, 6641, 494, 6312, 8082]
16370	[1279, 1193, 5647, 4210, 308]
16373	[9908, 8865, 3074, 5945, 1253]
16380	[1301, 9182, 5655, 2945, 881]
16384	[9283, 1403, 6530, 6046, 765]
16386	[7955, 4003, 1546, 6756, 1186]
16397	[7851, 1168, 9927, 4491, 5207]
16402	[8701, 5533, 2581, 2517, 5749]
16403	[8452, 2579, 85, 9052, 9531]
16407	[1350, 7632, 859, 1513, 2053]
16411	[7732, 5396, 2301, 87, 3909]
16416	[7225, 2049, 9478, 5313, 2242]
16417	[2533, 6640, 6120, 7891, 3476]
16425	[1293, 5351, 2566, 1877, 4312]
16436	[961, 9629, 8648, 9317, 9937]
16437	[6850, 431, 8006, 3584, 9773]
16442	[3628, 6424, 8531, 2757, 2752]
16450	[9696, 4134, 3910, 284, 8663]
16457	[6570, 754, 3294, 9577, 598]
16464	[7648, 8250, 9933, 7752, 3402]
16469	[683, 8319, 9489, 7413, 3179]
16475	[7094, 7708, 681, 2603, 1488]
16478	[8973, 9872, 7378, 2739, 9343]
16481	[9620, 6552, 9738, 5267, 1635]
16482	[7773, 1980, 2332, 4654, 6852]
16483	[9609, 7522, 4243, 7814, 6691]
16484	[1310, 4035, 3092, 8621, 6906]
16485	[3008, 8180, 701, 1710, 6980]
16486	[7520, 5790, 1880, 157, 3590]
16487	[7610, 369, 6740, 3467, 9277]
16495	[7414, 5553, 672, 9257, 6752]
16497	[8163, 6331, 8686, 1508, 3134]
16505	[2329, 7548, 5241, 6880, 1111]
16511	[8793, 9471, 3552, 7672, 8966]
16514	[9494, 198, 5331, 6971, 5375]
16519	[5345, 2402, 72, 6408, 9319]
16527	[7643, 3320, 2998, 201, 712]
16528	[2621, 6321, 6693, 4974, 608]
16534	[9932, 8688, 1033, 9588, 3819]
16548	[3450, 5782, 3350, 1030, 8519]
16555	[4279, 3122, 9949, 9680, 7424]
16556	[7566, 1357, 6038, 8035, 3495]
16561	[9257, 2795, 4901, 2157, 2197]
16562	[7715, 4486, 8949, 6592, 5666]
16577	[4201, 6283, 4658, 3996, 8081]
16580	[3805, 569, 4951, 7954, 3002]
16587	[9740, 7218, 6153, 6119, 4527]
16588	[7430, 6157, 9450, 4185, 3168]
16592	[5192, 3939, 3364, 397, 9537]
16594	[7363, 9353, 1948, 9549, 3003]
16599	[81, 260, 1811, 7224, 4137]
16615	[6842, 9943, 8861, 1758, 1841]
16618	[3254, 9443, 7843, 4336, 380]
16623	[5422, 6585, 4263, 40, 591]
16625	[1567, 508, 4561, 1579, 6200]
16633	[6850, 431, 6039, 6980, 8006]
16638	[8069, 2835, 4616, 1399, 1632]
16639	[6675, 8475, 8303, 994, 2749]
16642	[1302, 9492, 4219, 3995, 5680]
16644	[5247, 7635, 578, 2281, 4735]
16646	[7765, 6188, 1422, 6187, 1933]
16648	[7330, 5467, 8149, 9918, 7786]
16657	[8682, 662, 4166, 3586, 3584]
16669	[5397, 4264, 4495, 4424, 9740]
16670	[3659, 3797, 261, 1404, 8906]
16671	[5442, 8928, 191, 9064, 4777]
16680	[662, 3314, 2050, 4443, 5856]
16688	[4909, 8019, 2732, 1739, 72]
16694	[1554, 2629, 3067, 9089, 4466]
16704	[2574, 7573, 9584, 3803, 6850]
16715	[1587, 4321, 3101, 3303, 6330]
16716	[5351, 3342, 5025, 2241, 5274]
16717	[1526, 7112, 2035, 192, 7302]
16730	[4583, 2081, 2408, 9490, 5170]
16733	[328, 764, 933, 2145, 1196]
16748	[2282, 9144, 7143, 3992, 7317]
16753	[8660, 8786, 9706, 8986, 3685]
16754	[6439, 2770, 9788, 2268, 2789]
16759	[1020, 2663, 3269, 4602, 1920]
16762	[5074, 279, 7760, 3401, 7277]
16768	[218, 8700, 7228, 1995, 6009]
16771	[4184, 7960, 1401, 9705, 4609]
16776	[8800, 2399, 3004, 4088, 9583]
16778	[9696, 749, 1988, 9095, 1546]
16783	[70, 2397, 1117, 4807, 1906]
16786	[6070, 1902, 3942, 1296, 1392]
16789	[3919, 8823, 6570, 4679, 989]
16791	[9627, 6189, 251, 3585, 8621]
16795	[5397, 5244, 7016, 1526, 1010]
16803	[6791, 2557, 8368, 9573, 2882]
16812	[6736, 2169, 9686, 3368, 190]
16817	[4890, 1589, 2625, 1161, 1080]
16819	[3013, 877, 9741, 7468, 3054]
16824	[3512, 8821, 1994, 5935, 7741]
16826	[4199, 8798, 4279, 454, 3549]
16827	[3897, 2601, 9515, 6603, 3732]
16828	[6850, 431, 5305, 8991, 7574]
16831	[3668, 4017, 5308, 1740, 6833]
16833	[9290, 784, 8380, 8845, 9149]
16834	[7182, 3039, 7464, 9383, 4259]
16843	[9361, 7589, 3422, 9858, 8647]
16845	[3252, 6755, 2856, 1383, 4638]
16847	[6850, 431, 1873, 5856, 9200]
16849	[8227, 5336, 102, 1996, 6522]
16851	[2208, 3942, 8969, 4292, 101]
16852	[4815, 4564, 2307, 9836, 1315]
16861	[5163, 5706, 604, 4605, 6783]
16863	[9221, 9338, 7420, 605, 1334]
16868	[504, 3776, 2805, 3689, 3340]
16876	[3741, 8567, 3391, 2481, 1795]
16881	[6233, 9471, 5322, 1518, 4006]
16883	[6878, 6552, 7032, 4681, 17]
16889	[8153, 4395, 6988, 7708, 9176]
16900	[6054, 2920, 4949, 6333, 7293]
16905	[7109, 5386, 218, 5179, 326]
16912	[1210, 6300, 1932, 3887, 1456]
16913	[6050, 256, 5848, 3639, 5560]
16916	[1270, 5925, 1277, 9305, 520]
16917	[2592, 1415, 3102, 275, 3744]
16921	[7520, 609, 3233, 1020, 6946]
16923	[6773, 2062, 6556, 3457, 2638]
16955	[6226, 7172, 5877, 7766, 6336]
16962	[8244, 9259, 9185, 2966, 2520]
16963	[4674, 9803, 2755, 8227, 8616]
16967	[3252, 2856, 6854, 6755, 6823]
16972	[4888, 9033, 9997, 2414, 7887]
16979	[2268, 3520, 4551, 9874, 2789]
16981	[953, 7679, 4991, 9614, 3763]
16987	[9886, 8864, 845, 6117, 4576]
16988	[4188, 67, 1259, 4720, 43]
16996	[8988, 988, 160, 5178, 9613]
17000	[1955, 2098, 3124, 973, 380]
17001	[8590, 9196, 6989, 7249, 2050]
17002	[3328, 7938, 7630, 4667, 3851]
17008	[2093, 2015, 2702, 4068, 3097]
17009	[4104, 888, 2166, 7955, 7590]
17016	[2840, 2377, 6872, 4555, 9699]
17025	[2882, 8368, 6791, 954, 4745]
17027	[4888, 1373, 2871, 5333, 2927]
17028	[5850, 9037, 9431, 8075, 4298]
17029	[2080, 6367, 1980, 6288, 1322]
17030	[1979, 4586, 4381, 4844, 7735]
17034	[3513, 288, 3668, 2802, 7346]
17049	[5786, 5400, 2195, 3435, 9868]
17053	[9620, 6552, 3067, 9269, 5884]
17058	[9802, 9057, 6906, 395, 651]
17060	[1181, 502, 9934, 1918, 5996]
17062	[1728, 5912, 6762, 2871, 5290]
17065	[4933, 7362, 7821, 1492, 9620]
17075	[2982, 1469, 8311, 9985, 3]
17076	[3817, 543, 5411, 7656, 1531]
17089	[8688, 9187, 1572, 970, 9665]
17090	[2241, 5351, 5048, 7944, 8028]
17093	[4125, 5190, 5528, 5199, 2779]
17094	[5954, 5914, 3120, 1130, 9986]
17097	[9361, 8647, 9106, 8158, 6170]
17100	[452, 7266, 6990, 3957, 9429]
17101	[1482, 8980, 9428, 5960, 5294]
17106	[1887, 3229, 3936, 5531, 3912]
17108	[601, 2318, 2755, 5337, 225]
17111	[5553, 9609, 40, 2871, 1179]
17114	[6538, 182, 7234, 9922, 8720]
17120	[315, 1347, 2696, 5336, 3468]
17123	[803, 7016, 7160, 8830, 5322]
17129	[1989, 9850, 7353, 7714, 7209]
17130	[4230, 1005, 9591, 4178, 5614]
17138	[3059, 2674, 3166, 8477, 1384]
17139	[8860, 7889, 7774, 3418, 5233]
17140	[8235, 3377, 9059, 6392, 2421]
17145	[6822, 8069, 1646, 3641, 2835]
17148	[3269, 8161, 1045, 8861, 4418]
17153	[3165, 4199, 8152, 3549, 4893]
17154	[3919, 6219, 814, 3066, 9145]
17159	[261, 3903, 4281, 7082, 2736]
17164	[6269, 261, 5042, 1304, 5168]
17170	[6027, 74, 868, 2664, 4899]
17173	[6524, 9868, 4674, 2880, 9641]
17180	[9883, 7478, 5854, 3674, 675]
17183	[5454, 51, 5271, 3983, 7949]
17193	[9073, 4670, 8343, 8949, 6711]
17196	[6077, 151, 6436, 5259, 9235]
17197	[9310, 2770, 1893, 5441, 9134]
17200	[6647, 2513, 2289, 545, 3009]
17203	[3490, 6275, 9701, 7251, 5027]
17209	[6674, 451, 3027, 2350, 6379]
17211	[6850, 9768, 3797, 9905, 465]
17215	[9677, 470, 7952, 3177, 252]
17216	[7239, 6502, 1227, 3671, 1731]
17228	[5179, 1279, 5095, 8887, 6187]
17235	[5977, 3752, 7663, 7893, 2626]
17239	[1830, 4602, 5772, 7739, 289]
17249	[1888, 5232, 56, 4350, 859]
17258	[6594, 3314, 8269, 6974, 225]
17260	[3190, 3704, 7621, 5573, 2307]
17264	[3631, 5508, 4087, 4166, 3449]
17265	[3749, 1887, 6751, 8894, 5430]
17271	[6890, 915, 6173, 7674, 4890]
17285	[8113, 2288, 7075, 9709, 4835]
17286	[3107, 4611, 5142, 3984, 5168]
17293	[3004, 5176, 7787, 3753, 5082]
17300	[3528, 3378, 4213, 7268, 259]
17301	[9141, 3431, 1046, 9557, 9227]
17305	[1151, 6776, 2708, 6050, 6735]
17310	[9480, 7281, 9235, 7085, 151]
17311	[3013, 9571, 6149, 40, 8139]
17316	[7869, 7603, 9779, 3063, 8945]
17336	[9641, 4306, 6299, 8399, 7421]
17338	[8163, 7126, 9337, 2986, 3656]
17339	[7719, 3330, 4689, 2948, 7000]
17341	[3651, 4909, 2608, 9220, 7721]
17359	[4279, 3941, 3549, 5724, 4201]
17360	[4208, 6277, 3186, 1979, 937]
17361	[4959, 7826, 1451, 9674, 3653]
17364	[9886, 2798, 3040, 7522, 6475]
17367	[9310, 2765, 9335, 3142, 109]
17368	[5828, 8415, 3904, 1222, 7089]
17369	[4006, 6560, 4114, 2871, 3585]
17371	[4991, 7679, 9614, 953, 4353]
17378	[9124, 6719, 5918, 4732, 7438]
17386	[201, 4397, 8686, 3320, 1189]
17391	[4303, 6493, 3811, 5578, 1082]
17397	[157, 609, 5305, 6604, 639]
17399	[2765, 9059, 207, 6823, 5335]
17400	[2765, 5335, 6823, 9738, 3869]
17401	[2580, 1889, 8379, 469, 3169]
17403	[3190, 6763, 2112, 9539, 9945]
17408	[1746, 9098, 4214, 6638, 3054]
17413	[6595, 1034, 536, 8450, 5413]
17415	[7232, 9758, 8086, 5934, 7044]
17417	[9071, 8976, 2306, 8050, 6318]
17419	[1384, 7846, 8636, 219, 812]
17424	[6206, 6233, 9471, 261, 6059]
17431	[452, 7763, 7266, 6807, 1239]
17432	[2256, 4398, 431, 1873, 3697]
17439	[1733, 6878, 7609, 3210, 6988]
17445	[7267, 1917, 5214, 8807, 2654]
17448	[522, 9108, 5767, 926, 1350]
17456	[3300, 1706, 9859, 7755, 671]
17463	[4094, 8773, 8614, 9721, 4662]
17464	[9525, 8993, 5437, 8061, 7367]
17465	[9961, 3698, 8161, 4230, 8770]
17466	[2806, 4286, 6477, 7670, 9492]
17483	[8088, 2775, 8999, 9742, 756]
17484	[868, 9908, 2979, 1355, 8103]
17485	[6850, 2514, 3797, 877, 1474]
17489	[6254, 4584, 7495, 9208, 6565]
17491	[1020, 7722, 4320, 7520, 9779]
17497	[7424, 9680, 8178, 9307, 8620]
17500	[3091, 7623, 2940, 2365, 3917]
17510	[3086, 8809, 751, 588, 9134]
17515	[6179, 4062, 7552, 2554, 1711]
17520	[4559, 868, 9466, 6522, 5646]
17522	[4406, 3279, 1364, 7027, 9698]
17526	[1871, 22, 2338, 1820, 390]
17533	[9678, 7986, 8953, 8801, 4149]
17535	[5931, 8315, 7857, 1663, 8476]
17536	[6557, 2580, 5704, 1788, 117]
17537	[659, 3026, 7441, 4366, 9943]
17549	[4486, 1646, 4688, 4862, 5870]
17553	[9257, 2795, 672, 4572, 4901]
17557	[3262, 856, 9185, 471, 1598]
17559	[4662, 817, 5069, 761, 7914]
17561	[1887, 3229, 1384, 1900, 7910]
17564	[3776, 504, 3689, 3340, 2805]
17565	[2060, 4563, 2535, 6725, 8211]
17569	[9652, 6331, 4755, 9338, 2434]
17570	[5060, 9904, 2125, 1165, 9265]
17571	[4749, 5731, 7121, 5343, 6231]
17574	[7375, 740, 5273, 6394, 279]
17577	[8096, 9595, 5587, 7224, 2628]
17581	[2687, 7013, 8423, 494, 9676]
17586	[7708, 4681, 8944, 8207, 4526]
17594	[6604, 8769, 5305, 2515, 6550]
17606	[1367, 4433, 2057, 302, 5547]
17621	[5025, 3342, 5274, 3371, 5351]
17623	[2258, 2472, 5336, 2948, 5844]
17624	[3936, 5417, 198, 1450, 6751]
17625	[3257, 4363, 9286, 99, 1979]
17631	[3674, 8701, 9329, 5995, 3007]
17633	[6157, 1044, 7863, 95, 4915]
17637	[5534, 508, 6178, 2825, 9637]
17640	[3013, 877, 9571, 3115, 3161]
17644	[8868, 7367, 1472, 8476, 212]
17652	[6488, 7138, 777, 5965, 3428]
17653	[1545, 8899, 3678, 1112, 8783]
17657	[6233, 5941, 1589, 4888, 1607]
17660	[9747, 4524, 9783, 8701, 7418]
17661	[6024, 5871, 5988, 8129, 6167]
17665	[6274, 4358, 7976, 2812, 1250]
17666	[1517, 6838, 1049, 2654, 430]
17672	[1595, 8884, 6246, 996, 7921]
17673	[2174, 2484, 1668, 9848, 9466]
17677	[8903, 4413, 5544, 418, 8531]
17679	[5600, 6394, 5280, 5188, 5925]
17681	[1323, 517, 4228, 8050, 3586]
17683	[8794, 7380, 9102, 7735, 1996]
17686	[8466, 3041, 6908, 8330, 760]
17689	[2592, 5170, 1415, 4264, 7926]
17693	[9141, 4654, 9227, 9382, 1046]
17700	[1887, 2296, 3229, 8404, 5430]
17705	[2173, 3794, 9712, 2947, 9581]
17707	[271, 6441, 7314, 1589, 1861]
17710	[8609, 3, 7406, 7544, 6210]
17719	[879, 3909, 2150, 5469, 8887]
17729	[7863, 6852, 6287, 7773, 6157]
17737	[415, 4766, 9439, 6203, 8635]
17745	[5531, 3167, 1003, 3749, 3936]
17747	[3854, 3836, 5199, 3956, 4820]
17749	[1321, 391, 5179, 7290, 5583]
17750	[5177, 9457, 2301, 4760, 4605]
17759	[4638, 7190, 6122, 5335, 6635]
17764	[1281, 1213, 317, 5953, 287]
17770	[67, 482, 938, 9274, 2164]
17784	[5652, 8739, 2236, 8543, 9333]
17787	[8069, 6822, 2835, 1632, 4616]
17792	[6450, 1816, 1551, 8045, 2455]
17797	[5037, 8046, 4309, 1947, 7128]
17800	[6352, 9880, 201, 1726, 9517]
17827	[6599, 1646, 4406, 8561, 7027]
17829	[6850, 431, 6980, 8006, 6039]
17835	[5297, 2824, 4750, 591, 7942]
17837	[1595, 6246, 8884, 996, 7796]
17842	[8791, 5260, 3467, 7286, 6740]
17844	[7150, 701, 9949, 1790, 346]
17848	[4392, 1737, 9756, 6283, 7563]
17849	[200, 7604, 9779, 4624, 5780]
17850	[6206, 2266, 663, 261, 9885]
17852	[5051, 7397, 8995, 5081, 8345]
17861	[3515, 7843, 9611, 3254, 7685]
17865	[1236, 7722, 3477, 6847, 3285]
17868	[8178, 801, 2736, 5809, 5394]
17875	[1646, 4708, 2558, 9220, 3505]
17879	[3919, 2784, 5770, 9696, 1640]
17881	[7024, 2852, 7930, 9292, 5925]
17885	[5444, 6710, 7911, 3978, 16]
17888	[9227, 5824, 9172, 5697, 6793]
17893	[4015, 2360, 8307, 9953, 3774]
17900	[2442, 1826, 1989, 3702, 7303]
17901	[5002, 413, 1730, 269, 2261]
17905	[953, 9614, 2214, 1503, 4991]
17908	[1290, 7035, 184, 4964, 970]
17909	[5977, 3752, 2626, 7663, 9451]
17912	[1020, 7722, 8148, 3914, 9641]
17915	[2148, 112, 6094, 827, 8360]
17920	[7463, 5715, 5449, 5189, 6331]
17921	[8526, 9227, 8932, 5824, 8637]
17922	[4094, 313, 9721, 2271, 8614]
17934	[8422, 4093, 9087, 7607, 6185]
17950	[7603, 53, 4136, 4998, 5238]
17956	[8203, 3716, 749, 1835, 7901]
17958	[3089, 8435, 2573, 320, 2690]
17966	[2616, 7607, 4408, 8478, 5661]
17973	[7751, 4479, 9343, 8982, 1035]
17978	[4888, 4906, 4866, 2681, 3906]
17980	[1890, 1745, 71, 3898, 9004]
17981	[7225, 3229, 2242, 4137, 9168]
17983	[9577, 6074, 6769, 7451, 8686]
17999	[9985, 9438, 5717, 1625, 4002]
18004	[5954, 2713, 9106, 6806, 8672]
18012	[8035, 822, 5562, 4138, 9451]
18021	[2506, 1594, 9055, 4949, 4057]
18032	[6096, 7469, 4641, 5584, 6192]
18033	[7586, 3638, 7204, 6020, 3364]
18034	[6604, 6689, 3352, 107, 380]
18036	[4357, 1483, 1358, 9613, 9920]
18037	[4767, 2391, 7021, 3866, 4459]
18042	[6960, 1753, 1541, 8945, 7358]
18046	[1555, 8847, 8709, 9800, 5754]
18047	[5179, 5386, 4521, 5554, 6411]
18048	[8028, 2899, 2241, 3342, 5351]
18052	[3528, 4213, 3378, 6001, 7268]
18058	[3307, 5021, 3269, 134, 1508]
18060	[2155, 3655, 8679, 6181, 3759]
18065	[8227, 10, 7388, 9296, 8959]
18066	[3749, 3936, 5531, 3229, 1003]
18067	[2668, 6364, 3628, 8004, 6413]
18070	[7539, 53, 6627, 5188, 9465]
18074	[3936, 4674, 8117, 7674, 1814]
18075	[4710, 5076, 1426, 9965, 3337]
18076	[4572, 40, 6401, 1428, 9004]
18085	[8126, 1637, 6988, 9588, 8944]
18087	[5824, 4405, 9557, 2476, 7773]
18089	[8382, 9046, 6511, 4031, 247]
18091	[3663, 9874, 8121, 2624, 4208]
18093	[3903, 5335, 8906, 4671, 7045]
18098	[6930, 3761, 7043, 2825, 2844]
18100	[5947, 7232, 8242, 293, 3212]
18101	[8981, 4557, 4513, 1777, 7433]
18105	[7761, 9381, 9905, 9459, 8061]
18109	[7263, 6841, 3231, 6972, 5958]
18111	[658, 6929, 6070, 8283, 1296]
18114	[7113, 782, 7846, 6432, 8139]
18122	[5650, 6556, 1823, 3777, 2062]
18129	[4315, 7542, 637, 8367, 2958]
18137	[9171, 3166, 9954, 6074, 4430]
18139	[9952, 338, 7852, 5291, 2214]
18143	[7790, 6890, 7580, 8919, 8999]
18158	[6988, 8126, 7032, 3246, 99]
18164	[5208, 5493, 4036, 8633, 2770]
18165	[4736, 6304, 991, 2294, 16]
18169	[5603, 1579, 5754, 1328, 5573]
18170	[6503, 8957, 271, 5537, 6096]
18180	[6638, 7914, 3594, 8072, 6724]
18182	[1219, 5326, 5226, 4883, 6711]
18185	[2982, 5755, 2168, 9594, 3751]
18186	[5926, 1741, 3627, 4513, 6403]
18190	[896, 301, 2968, 3348, 9001]
18191	[2727, 871, 6800, 4406, 4883]
18195	[6394, 4030, 4614, 6063, 8566]
18208	[1293, 1877, 3364, 1050, 9631]
18209	[476, 1675, 2117, 598, 4276]
18222	[1929, 9568, 3458, 4665, 711]
18225	[2533, 5638, 9077, 2980, 5934]
18239	[999, 7388, 3457, 8371, 6661]
18247	[2259, 2744, 7410, 8945, 4890]
18254	[6598, 5142, 638, 256, 7806]
18257	[3107, 1151, 5560, 8730, 7617]
18258	[6850, 431, 8006, 3584, 9773]
18290	[3718, 5107, 1998, 7775, 4852]
18292	[2708, 3495, 2952, 7454, 4224]
18299	[3749, 6751, 1887, 8894, 575]
18306	[4456, 4377, 7618, 7834, 2803]
18319	[9014, 316, 4021, 9272, 3876]
18322	[6525, 9522, 5818, 9785, 157]
18326	[7810, 8019, 3383, 3329, 8618]
18344	[6850, 3797, 2514, 877, 1474]
18348	[6024, 6167, 4657, 6316, 5871]
18353	[662, 5516, 3905, 5346, 2029]
18358	[9415, 989, 2321, 931, 7491]
18361	[5584, 7893, 4095, 9451, 1210]
18363	[701, 9481, 6658, 6863, 3694]
18367	[1290, 6002, 8544, 6776, 92]
18369	[210, 2062, 7741, 1179, 2709]
18382	[5360, 3652, 5448, 3292, 2952]
18385	[9293, 4278, 7706, 3083, 2603]
18391	[9947, 3067, 2078, 5277, 4595]
18411	[8793, 3585, 692, 1296, 8996]
18416	[4264, 94, 7016, 113, 3231]
18417	[4264, 6066, 9740, 113, 4424]
18426	[6693, 3777, 2431, 6556, 5854]
18430	[4113, 8142, 4030, 6403, 940]
18447	[5957, 4674, 2684, 9462, 5947]
18453	[857, 6331, 3294, 6327, 1219]
18458	[3992, 9416, 7246, 2109, 4543]
18465	[1121, 1247, 7410, 1326, 1798]
18468	[3713, 6765, 8818, 5576, 6164]
18471	[3552, 9242, 1161, 8525, 8793]
18476	[6854, 4989, 5335, 2898, 1271]
18478	[6760, 6226, 8047, 3649, 9396]
18481	[7419, 6225, 5032, 1410, 1982]
18482	[4489, 7438, 3347, 6052, 1498]
18485	[663, 4860, 7549, 9885, 3659]
18486	[2145, 8677, 8770, 861, 6206]
18488	[9872, 5984, 3531, 2079, 657]
18489	[9141, 2610, 9382, 9227, 6546]
18491	[879, 1359, 2301, 1542, 4299]
18494	[6822, 142, 692, 5584, 6800]
18497	[1757, 7891, 5, 6775, 5999]
18498	[9157, 109, 3450, 8299, 4316]
18501	[6808, 3, 4990, 7406, 2847]
18506	[338, 5291, 6204, 6875, 5438]
18509	[7665, 4615, 874, 6315, 3029]
18511	[1293, 5523, 5997, 6400, 9916]
18516	[953, 9614, 4991, 7679, 2214]
18524	[3797, 1579, 4057, 9814, 103]
18527	[9697, 1989, 3878, 690, 6689]
18551	[6850, 431, 8006, 3584, 9773]
18554	[1421, 4820, 8216, 8205, 5630]
18565	[5534, 6178, 2825, 6157, 2956]
18566	[7122, 3642, 1630, 8949, 391]
18577	[5531, 198, 3749, 8822, 7175]
18590	[2627, 5164, 8711, 7618, 405]
18600	[421, 2881, 2215, 5580, 1941]
18612	[6545, 6432, 4560, 8112, 6149]
18619	[6970, 9216, 6483, 8054, 2293]
18621	[8126, 2495, 2219, 7141, 9059]
18623	[6560, 1186, 6756, 40, 2871]
18633	[3948, 1602, 2594, 9422, 55]
18635	[5247, 1224, 5558, 4458, 7635]
18638	[3515, 8672, 3710, 4471, 4672]
18641	[6604, 6550, 9960, 3016, 6459]
18643	[9538, 9812, 409, 3800, 3060]
18644	[5139, 6050, 3495, 4750, 402]
18645	[5244, 5397, 2376, 4121, 7160]
18655	[8244, 9259, 554, 3261, 9531]
18661	[4094, 8614, 4305, 313, 9721]
18666	[6343, 9728, 9678, 5174, 8946]
18671	[3364, 1050, 7419, 7494, 7141]
18674	[7708, 1150, 2249, 4613, 328]
18675	[7373, 9812, 9095, 5098, 2347]
18676	[9558, 8375, 6087, 2009, 8697]
18678	[4915, 8446, 8594, 2172, 3780]
18679	[9538, 3903, 6516, 261, 9812]
18681	[5170, 7512, 4583, 4307, 6668]
18695	[609, 3200, 2828, 1819, 8514]
18697	[2615, 4946, 2046, 8659, 2610]
18699	[8689, 9189, 3052, 5891, 3691]
18701	[3744, 7084, 2042, 4602, 7016]
18707	[7146, 5996, 3613, 5400, 3411]
18708	[3382, 8163, 361, 9987, 6331]
18711	[2949, 5569, 673, 409, 6295]
18716	[4854, 8726, 1687, 6492, 3005]
18729	[9361, 6116, 2905, 530, 2505]
18736	[5025, 3342, 296, 3371, 5274]
18737	[5149, 685, 1495, 9639, 5739]
18745	[2845, 3377, 7388, 4733, 5462]
18747	[9892, 503, 6143, 2654, 8601]
18749	[5837, 2131, 2724, 5549, 9340]
18755	[7785, 7962, 4645, 9942, 3514]
18757	[3362, 3694, 5116, 7205, 6961]
18763	[6841, 3231, 7263, 8803, 367]
18768	[1887, 3229, 1384, 8404, 1618]
18773	[7113, 9492, 325, 7846, 782]
18797	[4062, 5453, 3587, 1386, 2417]
18801	[4598, 7907, 6972, 1923, 5599]
18812	[9347, 1614, 6812, 711, 388]
18815	[5502, 7272, 5070, 944, 5373]
18835	[695, 7342, 1716, 9664, 694]
18838	[4263, 3009, 8826, 625, 1789]
18852	[2710, 9132, 5592, 9690, 9644]
18858	[2975, 4091, 6183, 5184, 5298]
18860	[1980, 7773, 8344, 5746, 9350]
18861	[4494, 2849, 4865, 4867, 5361]
18867	[3543, 471, 7582, 6403, 9576]
18871	[4478, 3182, 6674, 6430, 5496]
